uuid,season,year,form,module,test_type,label,url,raw_text
00382939-0bac-461c-a7b5-7980192bf808,,2025,B,1,math,December 2025 US Form B SAT English: Module 1 Module 2 Math: Module 1 Module 2,https://sat.oly.st/tests/00382939-0bac-461c-a7b5-7980192bf808,"December 2025 US Form B SAT
English:
Module 1
Module 2
Math:
Module 1
Module 2"
00907d99-e579-47a8-ac65-658aadef4aa7,,2025,B,1,math,March 2025 US Form B SAT English: Module 1 Module 2 Math: Module 1 Module 2,https://sat.oly.st/tests/00907d99-e579-47a8-ac65-658aadef4aa7,"March 2025 US Form B SAT
English:
Module 1
Module 2
Math:
Module 1
Module 2"
0193a00d-3bb2-4ea6-bc80-20a0f5ff89c8,,2024,B,1,math,December 2024 International Form B SAT English: Module 1 Module 2 Math: Module 1 Module 2,https://sat.oly.st/tests/0193a00d-3bb2-4ea6-bc80-20a0f5ff89c8,"December 2024 International Form B SAT
English:
Module 1
Module 2
Math:
Module 1
Module 2"
01d54ef3-3232-4ef0-afab-0cf0045af97e,,2024,A,1,english,December 2024 US Form A SAT English: Module 1 Module 2 Math: Module 1 Module 2,https://sat.oly.st/tests/01d54ef3-3232-4ef0-afab-0cf0045af97e,"December 2024 US Form A SAT
English:
Module 1
Module 2
Math:
Module 1
Module 2"
05468350-9fef-44ab-b9cb-893b50a7cadd,,2025,A,1,math,September 2025 US Form A SAT English: Module 1 Module 2 Math: Module 1 Module 2,https://sat.oly.st/tests/05468350-9fef-44ab-b9cb-893b50a7cadd,"September 2025 US Form A SAT
English:
Module 1
Module 2
Math:
Module 1
Module 2"
087850e1-8e84-43f3-a3da-7bbac01f151f,,2024,A,1,english,October 2024 International Form A SAT English: Module 1 Module 2 Math: Module 1 Module 2,https://sat.oly.st/tests/087850e1-8e84-43f3-a3da-7bbac01f151f,"October 2024 International Form A SAT
English:
Module 1
Module 2
Math:
Module 1
Module 2"
08df3b47-9273-4ad6-9301-332804bc6404,,2024,A,1,math,May 2024 US Form A SAT English: Module 1 Module 2 Math: Module 1 Module 2,https://sat.oly.st/tests/08df3b47-9273-4ad6-9301-332804bc6404,"May 2024 US Form A SAT
English:
Module 1
Module 2
Math:
Module 1
Module 2"
0a5f1b28-e866-44fd-85d1-c7684ad9e576,,2023,A,1,english,December 2023 Form A SAT English: Module 1 Module 2 Math: Module 1 Module 2,https://sat.oly.st/tests/0a5f1b28-e866-44fd-85d1-c7684ad9e576,"December 2023 Form A SAT
English:
Module 1
Module 2
Math:
Module 1
Module 2"
0b20f63f-7305-47a1-adb9-fcbd5e74a7be,,2024,A,1,math,October 2024 US Form A SAT English: Module 1 Module 2 Math: Module 1 Module 2,https://sat.oly.st/tests/0b20f63f-7305-47a1-adb9-fcbd5e74a7be,"October 2024 US Form A SAT
English:
Module 1
Module 2
Math:
Module 1
Module 2"
0c54aae7-15f2-4e7b-a138-cae820ff684e,,2025,B,1,math,May 2025 International Form B SAT English: Module 1 Module 2 Math: Module 1 Module 2,https://sat.oly.st/tests/0c54aae7-15f2-4e7b-a138-cae820ff684e,"May 2025 International Form B SAT
English:
Module 1
Module 2
Math:
Module 1
Module 2"
0d55e7c2-0ee1-41db-a3b0-b364a32b2c6b,,2024,B,1,english,May 2024 International Form B SAT English: Module 1 Module 2 Math: Module 1 Module 2,https://sat.oly.st/tests/0d55e7c2-0ee1-41db-a3b0-b364a32b2c6b,"May 2024 International Form B SAT
English:
Module 1
Module 2
Math:
Module 1
Module 2"
0ea78efc-f415-4ef4-be7f-7d36b9549605,,2024,C,1,english,May 2024 International Form C SAT English: Module 1 Module 2 Math: Module 1 Module 2,https://sat.oly.st/tests/0ea78efc-f415-4ef4-be7f-7d36b9549605,"May 2024 International Form C SAT
English:
Module 1
Module 2
Math:
Module 1
Module 2"
0f56dc3e-c66b-4dcd-b354-0e6de1091d26,,2024,A,1,english,November 2024 US Form A SAT English: Module 1 Module 2 Math: Module 1 Module 2,https://sat.oly.st/tests/0f56dc3e-c66b-4dcd-b354-0e6de1091d26,"November 2024 US Form A SAT
English:
Module 1
Module 2
Math:
Module 1
Module 2"
10c690aa-0aad-48ab-952b-855b2555b311,,2024,C,1,math,June 2024 US Form C SAT English: Module 1 Module 2 Math: Module 1 Module 2,https://sat.oly.st/tests/10c690aa-0aad-48ab-952b-855b2555b311,"June 2024 US Form C SAT
English:
Module 1
Module 2
Math:
Module 1
Module 2"
110d04d6-17dd-46a6-a6d5-c895e1d91668,,2025,B,1,english,June 2025 International Form B SAT English: Module 1 Module 2 Math: Module 1 Module 2,https://sat.oly.st/tests/110d04d6-17dd-46a6-a6d5-c895e1d91668,"June 2025 International Form B SAT
English:
Module 1
Module 2
Math:
Module 1
Module 2"
112a6b4d-d9f5-46f3-9367-da2e729b54fe,,2024,A,1,english,June 2024 International Form A SAT English: Module 1 Module 2 Math: Module 1 Module 2,https://sat.oly.st/tests/112a6b4d-d9f5-46f3-9367-da2e729b54fe,"June 2024 International Form A SAT
English:
Module 1
Module 2
Math:
Module 1
Module 2"
11ab7acb-9d06-445e-8071-b2cefe5234c2,,2025,A,1,english,March 2025 US Form A SAT English: Module 1 Module 2 Math: Module 1 Module 2,https://sat.oly.st/tests/11ab7acb-9d06-445e-8071-b2cefe5234c2,"March 2025 US Form A SAT
English:
Module 1
Module 2
Math:
Module 1
Module 2"
11ee667b-8898-4917-b74e-33237205e2ef,,2025,E,1,math,March 2025 International Form E SAT English: Module 1 Module 2 Math: Module 1 Module 2,https://sat.oly.st/tests/11ee667b-8898-4917-b74e-33237205e2ef,"March 2025 International Form E SAT
English:
Module 1
Module 2
Math:
Module 1
Module 2"
131fb2cc-899f-43fd-ad5b-8d89c1062d52,,2024,B,1,math,June 2024 US Form B SAT English: Module 1 Module 2 Math: Module 1 Module 2,https://sat.oly.st/tests/131fb2cc-899f-43fd-ad5b-8d89c1062d52,"June 2024 US Form B SAT
English:
Module 1
Module 2
Math:
Module 1
Module 2"
13cfe765-425a-44bc-b085-25d580925451,,2025,C,1,english,November 2025 International Form C SAT English: Module 1 Module 2 Math: Module 1 Module 2,https://sat.oly.st/tests/13cfe765-425a-44bc-b085-25d580925451,"November 2025 International Form C SAT
English:
Module 1
Module 2
Math:
Module 1
Module 2"
1487028b-5b14-4a74-ba77-84ab65217d04,,2025,B,1,english,November 2025 International Form B SAT English: Module 1 Module 2 Math: Module 1 Module 2,https://sat.oly.st/tests/1487028b-5b14-4a74-ba77-84ab65217d04,"November 2025 International Form B SAT
English:
Module 1
Module 2
Math:
Module 1
Module 2"
16ea8fd9-55c6-4baf-a4f8-e83365cf3245,,2025,A,1,english,October 2025 US Form A SAT English: Module 1 Module 2 Math: Module 1 Module 2,https://sat.oly.st/tests/16ea8fd9-55c6-4baf-a4f8-e83365cf3245,"October 2025 US Form A SAT
English:
Module 1
Module 2
Math:
Module 1
Module 2"
1772a8fc-3104-49c8-9168-d2704967f5fd,,2024,C,1,english,March 2024 International Form C SAT English: Module 1 Module 2 Math: Module 1 Module 2,https://sat.oly.st/tests/1772a8fc-3104-49c8-9168-d2704967f5fd,"March 2024 International Form C SAT
English:
Module 1
Module 2
Math:
Module 1
Module 2"
17e7bac7-7ba8-4f2d-bcb8-9933aef2d618,,2025,B,1,math,November 2025 International Form B SAT English: Module 1 Module 2 Math: Module 1 Module 2,https://sat.oly.st/tests/17e7bac7-7ba8-4f2d-bcb8-9933aef2d618,"November 2025 International Form B SAT
English:
Module 1
Module 2
Math:
Module 1
Module 2"
185df5a3-26b8-46ee-a5b9-7baf4d39ce28,,2025,A,1,math,December 2025 US Form A SAT English: Module 1 Module 2 Math: Module 1 Module 2,https://sat.oly.st/tests/185df5a3-26b8-46ee-a5b9-7baf4d39ce28,"December 2025 US Form A SAT
English:
Module 1
Module 2
Math:
Module 1
Module 2"
189130a6-4c31-4ce3-bed9-fe7c0db5ff63,,2025,B,1,english,December 2025 International Form B SAT English: Module 1 Module 2 Math: Module 1 Module 2,https://sat.oly.st/tests/189130a6-4c31-4ce3-bed9-fe7c0db5ff63,"December 2025 International Form B SAT
English:
Module 1
Module 2
Math:
Module 1
Module 2"
189b5a24-f2f4-4932-9c4f-36aa310357ed,,2025,C,2,english,November 2025 International Form C SAT English: Module 1 Module 2 Math: Module 1 Module 2,https://sat.oly.st/tests/189b5a24-f2f4-4932-9c4f-36aa310357ed,"November 2025 International Form C SAT
English:
Module 1
Module 2
Math:
Module 1
Module 2"
1b1871b9-081a-47fd-9218-97b0bbc4a454,,2025,A,1,math,October 2025 US Form A SAT English: Module 1 Module 2 Math: Module 1 Module 2,https://sat.oly.st/tests/1b1871b9-081a-47fd-9218-97b0bbc4a454,"October 2025 US Form A SAT
English:
Module 1
Module 2
Math:
Module 1
Module 2"
1b3c99ef-9d50-463b-ad26-ba62a337af78,,2025,B,1,math,December 2025 International Form B SAT English: Module 1 Module 2 Math: Module 1 Module 2,https://sat.oly.st/tests/1b3c99ef-9d50-463b-ad26-ba62a337af78,"December 2025 International Form B SAT
English:
Module 1
Module 2
Math:
Module 1
Module 2"
1b5dbecd-2a08-4015-83f5-8ad883233476,,2024,C,1,english,October 2024 US Form C SAT English: Module 1 Module 2 Math: Module 1 Module 2,https://sat.oly.st/tests/1b5dbecd-2a08-4015-83f5-8ad883233476,"October 2024 US Form C SAT
English:
Module 1
Module 2
Math:
Module 1
Module 2"
1bab97be-1fd5-4874-9973-125f743d4cac,,2024,B,1,english,December 2024 US Form B SAT English: Module 1 Module 2 Math: Module 1 Module 2,https://sat.oly.st/tests/1bab97be-1fd5-4874-9973-125f743d4cac,"December 2024 US Form B SAT
English:
Module 1
Module 2
Math:
Module 1
Module 2"
1bbdda23-57e5-4170-8fb2-e513425353ca,,2025,B,1,english,March 2025 US Form B SAT English: Module 1 Module 2 Math: Module 1 Module 2,https://sat.oly.st/tests/1bbdda23-57e5-4170-8fb2-e513425353ca,"March 2025 US Form B SAT
English:
Module 1
Module 2
Math:
Module 1
Module 2"
1dcc132a-2f7c-417a-91cd-108d7cd9c930,,2025,A,1,math,October 2025 International Form A SAT English: Module 1 Module 2 Math: Module 1 Module 2,https://sat.oly.st/tests/1dcc132a-2f7c-417a-91cd-108d7cd9c930,"October 2025 International Form A SAT
English:
Module 1
Module 2
Math:
Module 1
Module 2"
1eaebf8c-38dc-4789-91fd-fd26c390bf69,,2024,A,2,english,December 2024 US Form A SAT English: Module 1 Module 2 Math: Module 1 Module 2,https://sat.oly.st/tests/1eaebf8c-38dc-4789-91fd-fd26c390bf69,"December 2024 US Form A SAT
English:
Module 1
Module 2
Math:
Module 1
Module 2"
1fc2cc40-1a64-44a1-8ebe-eca45e868415,,2025,A,2,math,September 2025 US Form A SAT English: Module 1 Module 2 Math: Module 1 Module 2,https://sat.oly.st/tests/1fc2cc40-1a64-44a1-8ebe-eca45e868415,"September 2025 US Form A SAT
English:
Module 1
Module 2
Math:
Module 1
Module 2"
2006531c-1692-4752-8933-1698d2d4dff3,,2025,D,1,math,December 2025 International Form D SAT English: Module 1 Module 2 Math: Module 1 Module 2,https://sat.oly.st/tests/2006531c-1692-4752-8933-1698d2d4dff3,"December 2025 International Form D SAT
English:
Module 1
Module 2
Math:
Module 1
Module 2"
20ec56b7-c956-4c42-84fa-6d5ee0b1ccd5,,2024,B,1,english,June 2024 International Form B SAT English: Module 1 Module 2 Math: Module 1 Module 2,https://sat.oly.st/tests/20ec56b7-c956-4c42-84fa-6d5ee0b1ccd5,"June 2024 International Form B SAT
English:
Module 1
Module 2
Math:
Module 1
Module 2"
2151936b-0a32-450c-9679-a3f550831cb9,,2024,C,1,english,December 2024 US Form C SAT English: Module 1 Module 2 Math: Module 1 Module 2,https://sat.oly.st/tests/2151936b-0a32-450c-9679-a3f550831cb9,"December 2024 US Form C SAT
English:
Module 1
Module 2
Math:
Module 1
Module 2"
22c4ff94-2a94-4c19-8e97-b6105fccd963,,2025,A,1,english,November 2025 US Form A SAT English: Module 1 Module 2 Math: Module 1 Module 2,https://sat.oly.st/tests/22c4ff94-2a94-4c19-8e97-b6105fccd963,"November 2025 US Form A SAT
English:
Module 1
Module 2
Math:
Module 1
Module 2"
23a951fb-833f-4b27-9978-4eb054f855e2,,2024,C,2,math,June 2024 US Form C SAT English: Module 1 Module 2 Math: Module 1 Module 2,https://sat.oly.st/tests/23a951fb-833f-4b27-9978-4eb054f855e2,"June 2024 US Form C SAT
English:
Module 1
Module 2
Math:
Module 1
Module 2"
23fd9cca-199e-4a62-b065-4e2d5997bf7f,,2023,A,1,english,November 2023 Form A SAT English: Module 1 Module 2 Math: Module 1 Module 2,https://sat.oly.st/tests/23fd9cca-199e-4a62-b065-4e2d5997bf7f,"November 2023 Form A SAT
English:
Module 1
Module 2
Math:
Module 1
Module 2"
25547537-4b75-4c1c-8c86-e3b70293c301,,2023,B,1,english,December 2023 Form B SAT English: Module 1 Module 2 Math: Module 1 Module 2,https://sat.oly.st/tests/25547537-4b75-4c1c-8c86-e3b70293c301,"December 2023 Form B SAT
English:
Module 1
Module 2
Math:
Module 1
Module 2"
262137dd-b309-4356-982d-630e0212b16e,,2024,C,2,english,October 2024 US Form C SAT English: Module 1 Module 2 Math: Module 1 Module 2,https://sat.oly.st/tests/262137dd-b309-4356-982d-630e0212b16e,"October 2024 US Form C SAT
English:
Module 1
Module 2
Math:
Module 1
Module 2"
27590f35-8d6e-45c6-b665-222acb5e516d,,2024,A,1,math,May 2024 International Form A SAT English: Module 1 Module 2 Math: Module 1 Module 2,https://sat.oly.st/tests/27590f35-8d6e-45c6-b665-222acb5e516d,"May 2024 International Form A SAT
English:
Module 1
Module 2
Math:
Module 1
Module 2"
27f42b6d-5bcd-4609-9ebb-429b11fd782b,,2024,D,1,english,August 2024 International Form D SAT English: Module 1 Module 2 Math: Module 1 Module 2,https://sat.oly.st/tests/27f42b6d-5bcd-4609-9ebb-429b11fd782b,"August 2024 International Form D SAT
English:
Module 1
Module 2
Math:
Module 1
Module 2"
28e9b4c5-9a72-4d33-891e-e8ad04b471bc,,2025,B,1,english,October 2025 International Form B SAT English: Module 1 Module 2 Math: Module 1 Module 2,https://sat.oly.st/tests/28e9b4c5-9a72-4d33-891e-e8ad04b471bc,"October 2025 International Form B SAT
English:
Module 1
Module 2
Math:
Module 1
Module 2"
29b11893-ee0c-48ae-8103-403d9652ad14,,2024,B,1,math,August 2024 US Form B SAT English: Module 1 Module 2 Math: Module 1 Module 2,https://sat.oly.st/tests/29b11893-ee0c-48ae-8103-403d9652ad14,"August 2024 US Form B SAT
English:
Module 1
Module 2
Math:
Module 1
Module 2"
2b2c5092-6895-4eaf-abfe-b6413511e94f,,2024,A,1,english,May 2024 International Form A SAT English: Module 1 Module 2 Math: Module 1 Module 2,https://sat.oly.st/tests/2b2c5092-6895-4eaf-abfe-b6413511e94f,"May 2024 International Form A SAT
English:
Module 1
Module 2
Math:
Module 1
Module 2"
2c075bfa-775c-45f6-b974-0ac7c4fdc195,,2025,A,1,english,September 2025 US Form A SAT English: Module 1 Module 2 Math: Module 1 Module 2,https://sat.oly.st/tests/2c075bfa-775c-45f6-b974-0ac7c4fdc195,"September 2025 US Form A SAT
English:
Module 1
Module 2
Math:
Module 1
Module 2"
2c578582-a4c6-4b17-a43d-0f06aaab91b7,,2024,A,1,math,June 2024 US Form A SAT English: Module 1 Module 2 Math: Module 1 Module 2,https://sat.oly.st/tests/2c578582-a4c6-4b17-a43d-0f06aaab91b7,"June 2024 US Form A SAT
English:
Module 1
Module 2
Math:
Module 1
Module 2"
2c685c82-a211-4c0f-9856-cc6b06a5a86e,,2025,A,1,math,March 2025 US Form A SAT English: Module 1 Module 2 Math: Module 1 Module 2,https://sat.oly.st/tests/2c685c82-a211-4c0f-9856-cc6b06a5a86e,"March 2025 US Form A SAT
English:
Module 1
Module 2
Math:
Module 1
Module 2"
2c72a9c0-5ef0-4e68-883c-a0e6698dbfb6,,2024,A,1,math,December 2024 International Form A SAT English: Module 1 Module 2 Math: Module 1 Module 2,https://sat.oly.st/tests/2c72a9c0-5ef0-4e68-883c-a0e6698dbfb6,"December 2024 International Form A SAT
English:
Module 1
Module 2
Math:
Module 1
Module 2"
2c8bbd7c-40a9-4e05-bc74-0279c5b08fcc,,2024,A,1,math,June 2024 International Form A SAT English: Module 1 Module 2 Math: Module 1 Module 2,https://sat.oly.st/tests/2c8bbd7c-40a9-4e05-bc74-0279c5b08fcc,"June 2024 International Form A SAT
English:
Module 1
Module 2
Math:
Module 1
Module 2"
2cde5163-29ab-4fac-b1b1-06ee2a11740a,,2024,B,2,english,May 2024 International Form B SAT English: Module 1 Module 2 Math: Module 1 Module 2,https://sat.oly.st/tests/2cde5163-29ab-4fac-b1b1-06ee2a11740a,"May 2024 International Form B SAT
English:
Module 1
Module 2
Math:
Module 1
Module 2"
2e82ac91-0f4b-4aee-b9af-429c0dc22e07,,2025,C,1,english,March 2025 International Form C SAT English: Module 1 Module 2 Math: Module 1 Module 2,https://sat.oly.st/tests/2e82ac91-0f4b-4aee-b9af-429c0dc22e07,"March 2025 International Form C SAT
English:
Module 1
Module 2
Math:
Module 1
Module 2"
2ecbcc31-a047-4184-8f07-5ee89663c904,,2024,A,1,english,December 2024 International Form A SAT English: Module 1 Module 2 Math: Module 1 Module 2,https://sat.oly.st/tests/2ecbcc31-a047-4184-8f07-5ee89663c904,"December 2024 International Form A SAT
English:
Module 1
Module 2
Math:
Module 1
Module 2"
2f36d10d-2b67-4940-be7e-7ae5a7f478f1,,2024,B,1,english,March 2024 International Form B SAT English: Module 1 Module 2 Math: Module 1 Module 2,https://sat.oly.st/tests/2f36d10d-2b67-4940-be7e-7ae5a7f478f1,"March 2024 International Form B SAT
English:
Module 1
Module 2
Math:
Module 1
Module 2"
2f91d920-5520-4266-8a2d-a29c925c95c0,,2024,A,2,math,May 2024 International Form A SAT English: Module 1 Module 2 Math: Module 1 Module 2,https://sat.oly.st/tests/2f91d920-5520-4266-8a2d-a29c925c95c0,"May 2024 International Form A SAT
English:
Module 1
Module 2
Math:
Module 1
Module 2"
2fb14cdb-1902-43a1-b2d1-b7bccbd22d1b,,2025,A,1,math,August 2025 International Form A SAT English: Module 1 Module 2 Math: Module 1 Module 2,https://sat.oly.st/tests/2fb14cdb-1902-43a1-b2d1-b7bccbd22d1b,"August 2025 International Form A SAT
English:
Module 1
Module 2
Math:
Module 1
Module 2"
301d8663-e49a-4c21-9635-ef2d02614b43,,2024,A,2,math,May 2024 US Form A SAT English: Module 1 Module 2 Math: Module 1 Module 2,https://sat.oly.st/tests/301d8663-e49a-4c21-9635-ef2d02614b43,"May 2024 US Form A SAT
English:
Module 1
Module 2
Math:
Module 1
Module 2"
302c1069-d3cf-4e1c-b0bd-57e018252a85,,2025,B,1,english,August 2025 International Form B SAT English: Module 1 Module 2 Math: Module 1 Module 2,https://sat.oly.st/tests/302c1069-d3cf-4e1c-b0bd-57e018252a85,"August 2025 International Form B SAT
English:
Module 1
Module 2
Math:
Module 1
Module 2"
305aaf32-2803-4909-83d0-d08ba71a35a7,,2024,D,1,math,May 2024 International Form D SAT English: Module 1 Module 2 Math: Module 1 Module 2,https://sat.oly.st/tests/305aaf32-2803-4909-83d0-d08ba71a35a7,"May 2024 International Form D SAT
English:
Module 1
Module 2
Math:
Module 1
Module 2"
32388549-e820-4b4a-91a9-d9c32e611098,,2024,B,1,math,December 2024 US Form B SAT English: Module 1 Module 2 Math: Module 1 Module 2,https://sat.oly.st/tests/32388549-e820-4b4a-91a9-d9c32e611098,"December 2024 US Form B SAT
English:
Module 1
Module 2
Math:
Module 1
Module 2"
32cd6c88-820b-4de4-aa5c-08fe14fb73ef,,2024,A,2,math,December 2024 International Form A SAT English: Module 1 Module 2 Math: Module 1 Module 2,https://sat.oly.st/tests/32cd6c88-820b-4de4-aa5c-08fe14fb73ef,"December 2024 International Form A SAT
English:
Module 1
Module 2
Math:
Module 1
Module 2"
348385bf-0e3c-48f0-85b8-e84dfdf12196,,2024,C,1,english,October 2024 International Form C SAT English: Module 1 Module 2 Math: Module 1 Module 2,https://sat.oly.st/tests/348385bf-0e3c-48f0-85b8-e84dfdf12196,"October 2024 International Form C SAT
English:
Module 1
Module 2
Math:
Module 1
Module 2"
358eadf8-526f-42db-b8ee-227b4cb7d0e5,,2024,B,1,english,October 2024 US Form B SAT English: Module 1 Module 2 Math: Module 1 Module 2,https://sat.oly.st/tests/358eadf8-526f-42db-b8ee-227b4cb7d0e5,"October 2024 US Form B SAT
English:
Module 1
Module 2
Math:
Module 1
Module 2"
35bd5fb1-7659-4393-b736-241352b7187e,,2025,B,2,math,March 2025 US Form B SAT English: Module 1 Module 2 Math: Module 1 Module 2,https://sat.oly.st/tests/35bd5fb1-7659-4393-b736-241352b7187e,"March 2025 US Form B SAT
English:
Module 1
Module 2
Math:
Module 1
Module 2"
35e1f532-4ead-415d-8d71-0e606341eda4,,2025,A,1,english,December 2025 International Form A SAT English: Module 1 Module 2 Math: Module 1 Module 2,https://sat.oly.st/tests/35e1f532-4ead-415d-8d71-0e606341eda4,"December 2025 International Form A SAT
English:
Module 1
Module 2
Math:
Module 1
Module 2"
377b5e71-7ceb-4971-8051-73a97f38ab22,,2024,E,1,english,May 2024 International Form E SAT English: Module 1 Module 2 Math: Module 1 Module 2,https://sat.oly.st/tests/377b5e71-7ceb-4971-8051-73a97f38ab22,"May 2024 International Form E SAT
English:
Module 1
Module 2
Math:
Module 1
Module 2"
390a8264-19b1-4de0-9dc9-09609eadd7ca,,2024,B,1,math,November 2024 International Form B SAT English: Module 1 Module 2 Math: Module 1 Module 2,https://sat.oly.st/tests/390a8264-19b1-4de0-9dc9-09609eadd7ca,"November 2024 International Form B SAT
English:
Module 1
Module 2
Math:
Module 1
Module 2"
3926df58-b496-49f8-807d-ce478d37162e,,2025,A,1,english,August 2025 International Form A SAT English: Module 1 Module 2 Math: Module 1 Module 2,https://sat.oly.st/tests/3926df58-b496-49f8-807d-ce478d37162e,"August 2025 International Form A SAT
English:
Module 1
Module 2
Math:
Module 1
Module 2"
39729166-8e92-42cc-8ed6-76acdb673a3c,,2025,A,1,math,September 2025 International Form A SAT English: Module 1 Module 2 Math: Module 1 Module 2,https://sat.oly.st/tests/39729166-8e92-42cc-8ed6-76acdb673a3c,"September 2025 International Form A SAT
English:
Module 1
Module 2
Math:
Module 1
Module 2"
3bf10f0c-6025-4955-91dc-118e340490f0,,2024,E,1,math,May 2024 International Form E SAT English: Module 1 Module 2 Math: Module 1 Module 2,https://sat.oly.st/tests/3bf10f0c-6025-4955-91dc-118e340490f0,"May 2024 International Form E SAT
English:
Module 1
Module 2
Math:
Module 1
Module 2"
406baf08-71da-41c0-bc3d-ddc2c25258ba,,2025,A,1,english,March 2025 International Form A SAT English: Module 1 Module 2 Math: Module 1 Module 2,https://sat.oly.st/tests/406baf08-71da-41c0-bc3d-ddc2c25258ba,"March 2025 International Form A SAT
English:
Module 1
Module 2
Math:
Module 1
Module 2"
41223f98-85cf-4192-b791-4708f442a85c,,2023,A,1,english,October 2023 Form A SAT English: Module 1 Module 2 Math: Module 1 Module 2,https://sat.oly.st/tests/41223f98-85cf-4192-b791-4708f442a85c,"October 2023 Form A SAT
English:
Module 1
Module 2
Math:
Module 1
Module 2"
438ac81b-36aa-4552-b54a-16d92edcc54f,,2024,E,2,english,May 2024 International Form E SAT English: Module 1 Module 2 Math: Module 1 Module 2,https://sat.oly.st/tests/438ac81b-36aa-4552-b54a-16d92edcc54f,"May 2024 International Form E SAT
English:
Module 1
Module 2
Math:
Module 1
Module 2"
471ccf49-2c32-4c56-9f7e-1788dbe63527,,2024,C,1,math,October 2024 US Form C SAT English: Module 1 Module 2 Math: Module 1 Module 2,https://sat.oly.st/tests/471ccf49-2c32-4c56-9f7e-1788dbe63527,"October 2024 US Form C SAT
English:
Module 1
Module 2
Math:
Module 1
Module 2"
4989a736-d8cf-4f22-b057-f6543b77d0fd,,2024,A,1,english,June 2024 US Form A SAT English: Module 1 Module 2 Math: Module 1 Module 2,https://sat.oly.st/tests/4989a736-d8cf-4f22-b057-f6543b77d0fd,"June 2024 US Form A SAT
English:
Module 1
Module 2
Math:
Module 1
Module 2"
4ad359d6-6d88-4d00-bc19-73065ca4d7a3,,2024,A,2,english,October 2024 International Form A SAT English: Module 1 Module 2 Math: Module 1 Module 2,https://sat.oly.st/tests/4ad359d6-6d88-4d00-bc19-73065ca4d7a3,"October 2024 International Form A SAT
English:
Module 1
Module 2
Math:
Module 1
Module 2"
4bcfe385-9d5d-411a-981d-c41179df51f6,,2024,A,2,math,October 2024 US Form A SAT English: Module 1 Module 2 Math: Module 1 Module 2,https://sat.oly.st/tests/4bcfe385-9d5d-411a-981d-c41179df51f6,"October 2024 US Form A SAT
English:
Module 1
Module 2
Math:
Module 1
Module 2"
4dbbfd50-0f4a-4f74-a6ce-180eff8cc514,,2025,A,1,english,October 2025 International Form A SAT English: Module 1 Module 2 Math: Module 1 Module 2,https://sat.oly.st/tests/4dbbfd50-0f4a-4f74-a6ce-180eff8cc514,"October 2025 International Form A SAT
English:
Module 1
Module 2
Math:
Module 1
Module 2"
4dc81965-4d7d-41a3-a149-fdc37cafa647,,2025,A,1,english,November 2025 International Form A SAT English: Module 1 Module 2 Math: Module 1 Module 2,https://sat.oly.st/tests/4dc81965-4d7d-41a3-a149-fdc37cafa647,"November 2025 International Form A SAT
English:
Module 1
Module 2
Math:
Module 1
Module 2"
4e1b3643-30b1-41c4-9027-1f149baf52c7,,2024,B,2,math,December 2024 International Form B SAT English: Module 1 Module 2 Math: Module 1 Module 2,https://sat.oly.st/tests/4e1b3643-30b1-41c4-9027-1f149baf52c7,"December 2024 International Form B SAT
English:
Module 1
Module 2
Math:
Module 1
Module 2"
506806ec-d941-469e-af8b-dc07e89d7f8e,,2025,A,2,math,December 2025 US Form A SAT English: Module 1 Module 2 Math: Module 1 Module 2,https://sat.oly.st/tests/506806ec-d941-469e-af8b-dc07e89d7f8e,"December 2025 US Form A SAT
English:
Module 1
Module 2
Math:
Module 1
Module 2"
555c176c-fa9a-40e0-b8a8-cb40b47c9ee3,,2025,A,1,math,March 2025 International Form A SAT English: Module 1 Module 2 Math: Module 1 Module 2,https://sat.oly.st/tests/555c176c-fa9a-40e0-b8a8-cb40b47c9ee3,"March 2025 International Form A SAT
English:
Module 1
Module 2
Math:
Module 1
Module 2"
562b97f6-c42e-48b0-9911-de9db6425784,,2025,B,1,english,August 2025 US Form B SAT English: Module 1 Module 2 Math: Module 1 Module 2,https://sat.oly.st/tests/562b97f6-c42e-48b0-9911-de9db6425784,"August 2025 US Form B SAT
English:
Module 1
Module 2
Math:
Module 1
Module 2"
58a4c59d-fca7-49a5-9b86-e225bd9f39fd,,2024,A,1,english,October 2024 US Form A SAT English: Module 1 Module 2 Math: Module 1 Module 2,https://sat.oly.st/tests/58a4c59d-fca7-49a5-9b86-e225bd9f39fd,"October 2024 US Form A SAT
English:
Module 1
Module 2
Math:
Module 1
Module 2"
595615e1-f0a9-4cfd-a290-fb855094a94a,,2024,B,1,english,December 2024 International Form B SAT English: Module 1 Module 2 Math: Module 1 Module 2,https://sat.oly.st/tests/595615e1-f0a9-4cfd-a290-fb855094a94a,"December 2024 International Form B SAT
English:
Module 1
Module 2
Math:
Module 1
Module 2"
597055d1-751c-4b9f-ad18-b9714acb7944,,2024,B,1,english,November 2024 US Form B SAT English: Module 1 Module 2 Math: Module 1 Module 2,https://sat.oly.st/tests/597055d1-751c-4b9f-ad18-b9714acb7944,"November 2024 US Form B SAT
English:
Module 1
Module 2
Math:
Module 1
Module 2"
5a4b09bc-842b-4866-ae63-c98b8f2cc56e,,2024,B,2,english,June 2024 International Form B SAT English: Module 1 Module 2 Math: Module 1 Module 2,https://sat.oly.st/tests/5a4b09bc-842b-4866-ae63-c98b8f2cc56e,"June 2024 International Form B SAT
English:
Module 1
Module 2
Math:
Module 1
Module 2"
5b32d0cb-ec32-42cb-86cc-c5cebdd60d9f,,2025,A,1,math,May 2025 International Form A SAT English: Module 1 Module 2 Math: Module 1 Module 2,https://sat.oly.st/tests/5b32d0cb-ec32-42cb-86cc-c5cebdd60d9f,"May 2025 International Form A SAT
English:
Module 1
Module 2
Math:
Module 1
Module 2"
5d3f0045-ceeb-4690-b839-fe80816d237c,,2024,A,2,english,October 2024 US Form A SAT English: Module 1 Module 2 Math: Module 1 Module 2,https://sat.oly.st/tests/5d3f0045-ceeb-4690-b839-fe80816d237c,"October 2024 US Form A SAT
English:
Module 1
Module 2
Math:
Module 1
Module 2"
5fe11073-c749-47d4-9e43-2addecd1932f,,2025,A,1,english,May 2025 US Form A SAT English: Module 1 Module 2 Math: Module 1 Module 2,https://sat.oly.st/tests/5fe11073-c749-47d4-9e43-2addecd1932f,"May 2025 US Form A SAT
English:
Module 1
Module 2
Math:
Module 1
Module 2"
61095ce3-05bf-46a1-a191-e8b52ec70c8e,,2024,C,2,english,December 2024 US Form C SAT English: Module 1 Module 2 Math: Module 1 Module 2,https://sat.oly.st/tests/61095ce3-05bf-46a1-a191-e8b52ec70c8e,"December 2024 US Form C SAT
English:
Module 1
Module 2
Math:
Module 1
Module 2"
6172d662-f820-4d74-acac-4b49873dfc8f,,2023,A,1,english,August 2023 Form A SAT English: Module 1 Module 2 Math: Module 1 Module 2,https://sat.oly.st/tests/6172d662-f820-4d74-acac-4b49873dfc8f,"August 2023 Form A SAT
English:
Module 1
Module 2
Math:
Module 1
Module 2"
6197d48e-7c76-4333-af39-0b9aa39e924c,,2025,A,1,math,June 2025 International Form A SAT English: Module 1 Module 2 Math: Module 1 Module 2,https://sat.oly.st/tests/6197d48e-7c76-4333-af39-0b9aa39e924c,"June 2025 International Form A SAT
English:
Module 1
Module 2
Math:
Module 1
Module 2"
62bf03b6-2f6e-4c65-9e55-3e67dca0934b,,2025,B,2,english,November 2025 International Form B SAT English: Module 1 Module 2 Math: Module 1 Module 2,https://sat.oly.st/tests/62bf03b6-2f6e-4c65-9e55-3e67dca0934b,"November 2025 International Form B SAT
English:
Module 1
Module 2
Math:
Module 1
Module 2"
65933baf-7287-4c7d-a62b-3e57c00f4a9e,,2024,C,1,english,June 2024 US Form C SAT English: Module 1 Module 2 Math: Module 1 Module 2,https://sat.oly.st/tests/65933baf-7287-4c7d-a62b-3e57c00f4a9e,"June 2024 US Form C SAT
English:
Module 1
Module 2
Math:
Module 1
Module 2"
659cbbc1-2d38-4d45-8ecb-79f43367862e,,2025,B,1,math,October 2025 International Form B SAT English: Module 1 Module 2 Math: Module 1 Module 2,https://sat.oly.st/tests/659cbbc1-2d38-4d45-8ecb-79f43367862e,"October 2025 International Form B SAT
English:
Module 1
Module 2
Math:
Module 1
Module 2"
674ffab0-a86b-4262-b738-111e283b774c,,2025,A,2,english,December 2025 International Form A SAT English: Module 1 Module 2 Math: Module 1 Module 2,https://sat.oly.st/tests/674ffab0-a86b-4262-b738-111e283b774c,"December 2025 International Form A SAT
English:
Module 1
Module 2
Math:
Module 1
Module 2"
68b576c1-9de8-41d3-9840-538d4edcd113,,2024,D,1,math,November 2024 International Form D SAT English: Module 1 Module 2 Math: Module 1 Module 2,https://sat.oly.st/tests/68b576c1-9de8-41d3-9840-538d4edcd113,"November 2024 International Form D SAT
English:
Module 1
Module 2
Math:
Module 1
Module 2"
69d5bd5d-08fd-46f5-9c5d-266b2e358bce,,2024,A,1,english,March 2024 US Form A SAT English: Module 1 Module 2 Math: Module 1 Module 2,https://sat.oly.st/tests/69d5bd5d-08fd-46f5-9c5d-266b2e358bce,"March 2024 US Form A SAT
English:
Module 1
Module 2
Math:
Module 1
Module 2"
6a1a15f9-d0a0-4f08-967e-0ef33ae8dacf,,2024,B,1,english,October 2024 International Form B SAT English: Module 1 Module 2 Math: Module 1 Module 2,https://sat.oly.st/tests/6a1a15f9-d0a0-4f08-967e-0ef33ae8dacf,"October 2024 International Form B SAT
English:
Module 1
Module 2
Math:
Module 1
Module 2"
6acacde7-ed77-4956-a395-7f7392d6ba20,,2024,A,1,math,August 2024 International Form A SAT English: Module 1 Module 2 Math: Module 1 Module 2,https://sat.oly.st/tests/6acacde7-ed77-4956-a395-7f7392d6ba20,"August 2024 International Form A SAT
English:
Module 1
Module 2
Math:
Module 1
Module 2"
6af96c1c-ea52-4b92-a15c-9c8a703443c6,,2024,B,2,english,October 2024 International Form B SAT English: Module 1 Module 2 Math: Module 1 Module 2,https://sat.oly.st/tests/6af96c1c-ea52-4b92-a15c-9c8a703443c6,"October 2024 International Form B SAT
English:
Module 1
Module 2
Math:
Module 1
Module 2"
6b1e987d-70b0-4072-9d03-3ebd56371518,,2024,A,2,math,June 2024 US Form A SAT English: Module 1 Module 2 Math: Module 1 Module 2,https://sat.oly.st/tests/6b1e987d-70b0-4072-9d03-3ebd56371518,"June 2024 US Form A SAT
English:
Module 1
Module 2
Math:
Module 1
Module 2"
6bfd0c2e-65a8-46f9-a800-10203b4c8d45,,2025,D,1,math,March 2025 International Form D SAT English: Module 1 Module 2 Math: Module 1 Module 2,https://sat.oly.st/tests/6bfd0c2e-65a8-46f9-a800-10203b4c8d45,"March 2025 International Form D SAT
English:
Module 1
Module 2
Math:
Module 1
Module 2"
6c01c1b7-156a-4705-8433-ff71bbce410d,,2025,B,2,math,December 2025 US Form B SAT English: Module 1 Module 2 Math: Module 1 Module 2,https://sat.oly.st/tests/6c01c1b7-156a-4705-8433-ff71bbce410d,"December 2025 US Form B SAT
English:
Module 1
Module 2
Math:
Module 1
Module 2"
6c4412d8-8a7a-433a-aff9-54d9d1bebc04,,2025,A,2,english,August 2025 International Form A SAT English: Module 1 Module 2 Math: Module 1 Module 2,https://sat.oly.st/tests/6c4412d8-8a7a-433a-aff9-54d9d1bebc04,"August 2025 International Form A SAT
English:
Module 1
Module 2
Math:
Module 1
Module 2"
6c4d0022-eb80-4bc1-9ae3-bebb11c77e6f,,2024,B,1,english,May 2024 US Form B SAT English: Module 1 Module 2 Math: Module 1 Module 2,https://sat.oly.st/tests/6c4d0022-eb80-4bc1-9ae3-bebb11c77e6f,"May 2024 US Form B SAT
English:
Module 1
Module 2
Math:
Module 1
Module 2"
6c5588e4-f326-44d2-afd6-39547f4bb40a,,2023,A,1,english,June 2023 Form A SAT English: Module 1 Module 2 Math: Module 1 Module 2,https://sat.oly.st/tests/6c5588e4-f326-44d2-afd6-39547f4bb40a,"June 2023 Form A SAT
English:
Module 1
Module 2
Math:
Module 1
Module 2"
6c72f77d-781d-42a7-9eb8-695ae0bba85b,,2024,A,1,math,October 2024 International Form A SAT English: Module 1 Module 2 Math: Module 1 Module 2,https://sat.oly.st/tests/6c72f77d-781d-42a7-9eb8-695ae0bba85b,"October 2024 International Form A SAT
English:
Module 1
Module 2
Math:
Module 1
Module 2"
6d83bce6-cd0e-49ec-848d-d2a6307de5b9,,2025,A,2,math,June 2025 International Form A SAT English: Module 1 Module 2 Math: Module 1 Module 2,https://sat.oly.st/tests/6d83bce6-cd0e-49ec-848d-d2a6307de5b9,"June 2025 International Form A SAT
English:
Module 1
Module 2
Math:
Module 1
Module 2"
6dccbef1-7688-4e9c-bc89-87f46af60ab3,,2024,A,1,math,November 2024 International Form A SAT English: Module 1 Module 2 Math: Module 1 Module 2,https://sat.oly.st/tests/6dccbef1-7688-4e9c-bc89-87f46af60ab3,"November 2024 International Form A SAT
English:
Module 1
Module 2
Math:
Module 1
Module 2"
6e89fd3b-91b4-4432-a6bd-32d79b8e459a,,2024,B,1,english,November 2024 International Form B SAT English: Module 1 Module 2 Math: Module 1 Module 2,https://sat.oly.st/tests/6e89fd3b-91b4-4432-a6bd-32d79b8e459a,"November 2024 International Form B SAT
English:
Module 1
Module 2
Math:
Module 1
Module 2"
6f7157fc-7e47-4e83-add3-e372915177ec,,2024,A,1,math,November 2024 US Form A SAT English: Module 1 Module 2 Math: Module 1 Module 2,https://sat.oly.st/tests/6f7157fc-7e47-4e83-add3-e372915177ec,"November 2024 US Form A SAT
English:
Module 1
Module 2
Math:
Module 1
Module 2"
700687e2-e094-4a0d-b5c9-12227f01dbff,,2025,A,1,english,May 2025 International Form A SAT English: Module 1 Module 2 Math: Module 1 Module 2,https://sat.oly.st/tests/700687e2-e094-4a0d-b5c9-12227f01dbff,"May 2025 International Form A SAT
English:
Module 1
Module 2
Math:
Module 1
Module 2"
70b33953-aa61-407d-a25a-a438792bed03,,2025,B,2,math,October 2025 International Form B SAT English: Module 1 Module 2 Math: Module 1 Module 2,https://sat.oly.st/tests/70b33953-aa61-407d-a25a-a438792bed03,"October 2025 International Form B SAT
English:
Module 1
Module 2
Math:
Module 1
Module 2"
72e1da16-9a5f-47ea-b58b-d85b80429678,,2025,C,1,english,December 2025 International Form C SAT English: Module 1 Module 2 Math: Module 1 Module 2,https://sat.oly.st/tests/72e1da16-9a5f-47ea-b58b-d85b80429678,"December 2025 International Form C SAT
English:
Module 1
Module 2
Math:
Module 1
Module 2"
73482b52-a20f-452d-896f-76f578ac2361,,2024,A,1,english,August 2024 International Form A SAT English: Module 1 Module 2 Math: Module 1 Module 2,https://sat.oly.st/tests/73482b52-a20f-452d-896f-76f578ac2361,"August 2024 International Form A SAT
English:
Module 1
Module 2
Math:
Module 1
Module 2"
749328c4-3c9b-4615-9409-c9853a26da34,,2025,A,2,english,October 2025 International Form A SAT English: Module 1 Module 2 Math: Module 1 Module 2,https://sat.oly.st/tests/749328c4-3c9b-4615-9409-c9853a26da34,"October 2025 International Form A SAT
English:
Module 1
Module 2
Math:
Module 1
Module 2"
74a095c1-f8cd-49b3-98b6-a91a664fe7fb,,2025,B,2,english,December 2025 International Form B SAT English: Module 1 Module 2 Math: Module 1 Module 2,https://sat.oly.st/tests/74a095c1-f8cd-49b3-98b6-a91a664fe7fb,"December 2025 International Form B SAT
English:
Module 1
Module 2
Math:
Module 1
Module 2"
75f601af-f444-4475-b27a-742fda616d9b,,2025,B,1,english,September 2025 International Form B SAT English: Module 1 Module 2 Math: Module 1 Module 2,https://sat.oly.st/tests/75f601af-f444-4475-b27a-742fda616d9b,"September 2025 International Form B SAT
English:
Module 1
Module 2
Math:
Module 1
Module 2"
76199cca-674f-403e-a01c-927854021f9f,,2024,B,2,english,October 2024 US Form B SAT English: Module 1 Module 2 Math: Module 1 Module 2,https://sat.oly.st/tests/76199cca-674f-403e-a01c-927854021f9f,"October 2024 US Form B SAT
English:
Module 1
Module 2
Math:
Module 1
Module 2"
77ffe59b-61ef-47e4-ba8e-118244b99796,,2025,B,1,english,March 2025 International Form B SAT English: Module 1 Module 2 Math: Module 1 Module 2,https://sat.oly.st/tests/77ffe59b-61ef-47e4-ba8e-118244b99796,"March 2025 International Form B SAT
English:
Module 1
Module 2
Math:
Module 1
Module 2"
7876fc9e-c914-40a9-9906-62c7e3b1bbce,,2025,A,1,english,June 2025 US Form A SAT English: Module 1 Module 2 Math: Module 1 Module 2,https://sat.oly.st/tests/7876fc9e-c914-40a9-9906-62c7e3b1bbce,"June 2025 US Form A SAT
English:
Module 1
Module 2
Math:
Module 1
Module 2"
79e14849-3cb1-4f8b-8803-beaa05c64842,,2024,A,2,english,August 2024 International Form A SAT English: Module 1 Module 2 Math: Module 1 Module 2,https://sat.oly.st/tests/79e14849-3cb1-4f8b-8803-beaa05c64842,"August 2024 International Form A SAT
English:
Module 1
Module 2
Math:
Module 1
Module 2"
7aff17cd-7423-4e0b-80db-b95ab0c77db9,,2025,B,2,english,October 2025 International Form B SAT English: Module 1 Module 2 Math: Module 1 Module 2,https://sat.oly.st/tests/7aff17cd-7423-4e0b-80db-b95ab0c77db9,"October 2025 International Form B SAT
English:
Module 1
Module 2
Math:
Module 1
Module 2"
7c17367d-234a-4cdb-b654-3dc1d5243ede,,2025,B,2,english,June 2025 International Form B SAT English: Module 1 Module 2 Math: Module 1 Module 2,https://sat.oly.st/tests/7c17367d-234a-4cdb-b654-3dc1d5243ede,"June 2025 International Form B SAT
English:
Module 1
Module 2
Math:
Module 1
Module 2"
7d110811-1651-49a9-9be6-62e088b71c73,,2025,B,1,math,September 2025 US Form B SAT English: Module 1 Module 2 Math: Module 1 Module 2,https://sat.oly.st/tests/7d110811-1651-49a9-9be6-62e088b71c73,"September 2025 US Form B SAT
English:
Module 1
Module 2
Math:
Module 1
Module 2"
7d95c376-0a52-42c6-af0d-ac2aaf25546d,,2024,B,1,english,June 2024 US Form B SAT English: Module 1 Module 2 Math: Module 1 Module 2,https://sat.oly.st/tests/7d95c376-0a52-42c6-af0d-ac2aaf25546d,"June 2024 US Form B SAT
English:
Module 1
Module 2
Math:
Module 1
Module 2"
7e608cd1-45e5-4f04-99b5-d0a95eb883a6,,2025,B,2,english,August 2025 International Form B SAT English: Module 1 Module 2 Math: Module 1 Module 2,https://sat.oly.st/tests/7e608cd1-45e5-4f04-99b5-d0a95eb883a6,"August 2025 International Form B SAT
English:
Module 1
Module 2
Math:
Module 1
Module 2"
7f4fd473-e40f-4ce7-9e0d-4ec344fcf416,,2024,B,1,english,August 2024 International Form B SAT English: Module 1 Module 2 Math: Module 1 Module 2,https://sat.oly.st/tests/7f4fd473-e40f-4ce7-9e0d-4ec344fcf416,"August 2024 International Form B SAT
English:
Module 1
Module 2
Math:
Module 1
Module 2"
816fedc1-1434-4eb8-aa3b-6715a1e738ae,,2024,B,2,math,November 2024 International Form B SAT English: Module 1 Module 2 Math: Module 1 Module 2,https://sat.oly.st/tests/816fedc1-1434-4eb8-aa3b-6715a1e738ae,"November 2024 International Form B SAT
English:
Module 1
Module 2
Math:
Module 1
Module 2"
8176ff95-6cd3-4604-aebc-7f16b9b86e1a,,2024,A,1,math,December 2024 US Form A SAT English: Module 1 Module 2 Math: Module 1 Module 2,https://sat.oly.st/tests/8176ff95-6cd3-4604-aebc-7f16b9b86e1a,"December 2024 US Form A SAT
English:
Module 1
Module 2
Math:
Module 1
Module 2"
839d1132-416e-4cc6-be17-13454f14da43,,2024,A,1,english,March 2024 International Form A SAT English: Module 1 Module 2 Math: Module 1 Module 2,https://sat.oly.st/tests/839d1132-416e-4cc6-be17-13454f14da43,"March 2024 International Form A SAT
English:
Module 1
Module 2
Math:
Module 1
Module 2"
872f5c64-d384-4d98-b5b2-8f9c1b11bbd1,,2025,A,2,english,May 2025 US Form A SAT English: Module 1 Module 2 Math: Module 1 Module 2,https://sat.oly.st/tests/872f5c64-d384-4d98-b5b2-8f9c1b11bbd1,"May 2025 US Form A SAT
English:
Module 1
Module 2
Math:
Module 1
Module 2"
87a75825-ef1b-4b13-8fde-816390546062,,2025,A,1,math,May 2025 US Form A SAT English: Module 1 Module 2 Math: Module 1 Module 2,https://sat.oly.st/tests/87a75825-ef1b-4b13-8fde-816390546062,"May 2025 US Form A SAT
English:
Module 1
Module 2
Math:
Module 1
Module 2"
87f513aa-a49e-436a-9a4c-c87bd3101b4c,,2025,A,2,math,October 2025 International Form A SAT English: Module 1 Module 2 Math: Module 1 Module 2,https://sat.oly.st/tests/87f513aa-a49e-436a-9a4c-c87bd3101b4c,"October 2025 International Form A SAT
English:
Module 1
Module 2
Math:
Module 1
Module 2"
88552b8b-f774-4f18-b52e-65b24051a3d9,,2024,C,1,english,December 2024 International Form C SAT English: Module 1 Module 2 Math: Module 1 Module 2,https://sat.oly.st/tests/88552b8b-f774-4f18-b52e-65b24051a3d9,"December 2024 International Form C SAT
English:
Module 1
Module 2
Math:
Module 1
Module 2"
8979aab8-13bc-4454-bb32-5bdf66fd4ea4,,2025,B,2,english,March 2025 US Form B SAT English: Module 1 Module 2 Math: Module 1 Module 2,https://sat.oly.st/tests/8979aab8-13bc-4454-bb32-5bdf66fd4ea4,"March 2025 US Form B SAT
English:
Module 1
Module 2
Math:
Module 1
Module 2"
8a096929-9162-4ef5-b1c5-1da19c60ea8c,,2024,C,1,math,December 2024 International Form C SAT English: Module 1 Module 2 Math: Module 1 Module 2,https://sat.oly.st/tests/8a096929-9162-4ef5-b1c5-1da19c60ea8c,"December 2024 International Form C SAT
English:
Module 1
Module 2
Math:
Module 1
Module 2"
8a23ade7-9b24-42cf-ad70-6f233213e3cd,,2025,A,2,english,September 2025 US Form A SAT English: Module 1 Module 2 Math: Module 1 Module 2,https://sat.oly.st/tests/8a23ade7-9b24-42cf-ad70-6f233213e3cd,"September 2025 US Form A SAT
English:
Module 1
Module 2
Math:
Module 1
Module 2"
8c664e9f-dbfe-430d-92f7-13f0ba1d5978,,2024,B,1,math,May 2024 US Form B SAT English: Module 1 Module 2 Math: Module 1 Module 2,https://sat.oly.st/tests/8c664e9f-dbfe-430d-92f7-13f0ba1d5978,"May 2024 US Form B SAT
English:
Module 1
Module 2
Math:
Module 1
Module 2"
8c67d23e-c191-4688-9da8-61bb2e4459ef,,2025,B,1,english,December 2025 US Form B SAT English: Module 1 Module 2 Math: Module 1 Module 2,https://sat.oly.st/tests/8c67d23e-c191-4688-9da8-61bb2e4459ef,"December 2025 US Form B SAT
English:
Module 1
Module 2
Math:
Module 1
Module 2"
8c90f26b-77aa-4ba4-80ae-bd4881600582,,2023,A,1,english,May 2023 Form A SAT English: Module 1 Module 2 Math: Module 1 Module 2,https://sat.oly.st/tests/8c90f26b-77aa-4ba4-80ae-bd4881600582,"May 2023 Form A SAT
English:
Module 1
Module 2
Math:
Module 1
Module 2"
8da1fdd9-aa3a-4e47-b821-0420a21b6357,,2025,A,1,math,December 2025 International Form A SAT English: Module 1 Module 2 Math: Module 1 Module 2,https://sat.oly.st/tests/8da1fdd9-aa3a-4e47-b821-0420a21b6357,"December 2025 International Form A SAT
English:
Module 1
Module 2
Math:
Module 1
Module 2"
8e440f6e-2b73-40f7-a2ba-12f834f2422e,,2025,A,2,math,September 2025 International Form A SAT English: Module 1 Module 2 Math: Module 1 Module 2,https://sat.oly.st/tests/8e440f6e-2b73-40f7-a2ba-12f834f2422e,"September 2025 International Form A SAT
English:
Module 1
Module 2
Math:
Module 1
Module 2"
8ee3b6ba-7cb9-4462-8a32-a7c602662d8b,,2024,A,2,english,December 2024 International Form A SAT English: Module 1 Module 2 Math: Module 1 Module 2,https://sat.oly.st/tests/8ee3b6ba-7cb9-4462-8a32-a7c602662d8b,"December 2024 International Form A SAT
English:
Module 1
Module 2
Math:
Module 1
Module 2"
8f775d79-fed4-4c35-a5f2-19a8f62db4bb,,2024,C,2,math,October 2024 US Form C SAT English: Module 1 Module 2 Math: Module 1 Module 2,https://sat.oly.st/tests/8f775d79-fed4-4c35-a5f2-19a8f62db4bb,"October 2024 US Form C SAT
English:
Module 1
Module 2
Math:
Module 1
Module 2"
8fe7a4d4-7c47-49fb-8df2-96e2b1be5c74,,2023,C,1,english,November 2023 Form C SAT English: Module 1 Module 2 Math: Module 1 Module 2,https://sat.oly.st/tests/8fe7a4d4-7c47-49fb-8df2-96e2b1be5c74,"November 2023 Form C SAT
English:
Module 1
Module 2
Math:
Module 1
Module 2"
915cc9ca-743d-4b40-bb9f-e3d5c6b94fe5,,2025,C,1,math,March 2025 International Form C SAT English: Module 1 Module 2 Math: Module 1 Module 2,https://sat.oly.st/tests/915cc9ca-743d-4b40-bb9f-e3d5c6b94fe5,"March 2025 International Form C SAT
English:
Module 1
Module 2
Math:
Module 1
Module 2"
91b9d6f8-a7c4-45ed-8f4c-ca774d18592c,,2024,B,1,math,October 2024 US Form B SAT English: Module 1 Module 2 Math: Module 1 Module 2,https://sat.oly.st/tests/91b9d6f8-a7c4-45ed-8f4c-ca774d18592c,"October 2024 US Form B SAT
English:
Module 1
Module 2
Math:
Module 1
Module 2"
91ff0c6a-268b-4d8b-9642-b9fb25a907b4,,2024,B,2,english,August 2024 International Form B SAT English: Module 1 Module 2 Math: Module 1 Module 2,https://sat.oly.st/tests/91ff0c6a-268b-4d8b-9642-b9fb25a907b4,"August 2024 International Form B SAT
English:
Module 1
Module 2
Math:
Module 1
Module 2"
92bd954b-0e12-4b86-bc5f-d64490221af2,,2023,A,2,english,May 2023 Form A SAT English: Module 1 Module 2 Math: Module 1 Module 2,https://sat.oly.st/tests/92bd954b-0e12-4b86-bc5f-d64490221af2,"May 2023 Form A SAT
English:
Module 1
Module 2
Math:
Module 1
Module 2"
9377a50a-f782-492e-a3bf-a2b90698cacc,,2025,B,1,math,August 2025 International Form B SAT English: Module 1 Module 2 Math: Module 1 Module 2,https://sat.oly.st/tests/9377a50a-f782-492e-a3bf-a2b90698cacc,"August 2025 International Form B SAT
English:
Module 1
Module 2
Math:
Module 1
Module 2"
93cf6ea9-c0fa-434a-a8d7-e6927bcedce1,,2024,D,2,english,August 2024 International Form D SAT English: Module 1 Module 2 Math: Module 1 Module 2,https://sat.oly.st/tests/93cf6ea9-c0fa-434a-a8d7-e6927bcedce1,"August 2024 International Form D SAT
English:
Module 1
Module 2
Math:
Module 1
Module 2"
9419dcb9-3471-4777-be13-1ee14db6d1bc,,2025,A,2,english,October 2025 US Form A SAT English: Module 1 Module 2 Math: Module 1 Module 2,https://sat.oly.st/tests/9419dcb9-3471-4777-be13-1ee14db6d1bc,"October 2025 US Form A SAT
English:
Module 1
Module 2
Math:
Module 1
Module 2"
94868488-f2b6-48b0-9e22-a683ccbda0e0,,2025,B,2,math,September 2025 US Form B SAT English: Module 1 Module 2 Math: Module 1 Module 2,https://sat.oly.st/tests/94868488-f2b6-48b0-9e22-a683ccbda0e0,"September 2025 US Form B SAT
English:
Module 1
Module 2
Math:
Module 1
Module 2"
95ffa612-5e13-470b-90e3-29aa7f1acf34,,2025,C,1,math,December 2025 International Form C SAT English: Module 1 Module 2 Math: Module 1 Module 2,https://sat.oly.st/tests/95ffa612-5e13-470b-90e3-29aa7f1acf34,"December 2025 International Form C SAT
English:
Module 1
Module 2
Math:
Module 1
Module 2"
9628151f-9763-4abc-8c66-9dc08f82f715,,2025,B,1,math,June 2025 International Form B SAT English: Module 1 Module 2 Math: Module 1 Module 2,https://sat.oly.st/tests/9628151f-9763-4abc-8c66-9dc08f82f715,"June 2025 International Form B SAT
English:
Module 1
Module 2
Math:
Module 1
Module 2"
96eeb763-a9df-4a36-94da-f489bf5ba7e6,,2025,A,1,math,November 2025 International Form A SAT English: Module 1 Module 2 Math: Module 1 Module 2,https://sat.oly.st/tests/96eeb763-a9df-4a36-94da-f489bf5ba7e6,"November 2025 International Form A SAT
English:
Module 1
Module 2
Math:
Module 1
Module 2"
97534841-3541-4563-86b8-0a919d0bde5b,,2024,C,2,english,June 2024 US Form C SAT English: Module 1 Module 2 Math: Module 1 Module 2,https://sat.oly.st/tests/97534841-3541-4563-86b8-0a919d0bde5b,"June 2024 US Form C SAT
English:
Module 1
Module 2
Math:
Module 1
Module 2"
979898ba-60c7-4531-ac45-29c4db2b3361,,2025,B,2,math,August 2025 International Form B SAT English: Module 1 Module 2 Math: Module 1 Module 2,https://sat.oly.st/tests/979898ba-60c7-4531-ac45-29c4db2b3361,"August 2025 International Form B SAT
English:
Module 1
Module 2
Math:
Module 1
Module 2"
986a38a2-7ec7-4431-b87a-1d0c366595d6,,2025,A,1,english,August 2025 US Form A SAT English: Module 1 Module 2 Math: Module 1 Module 2,https://sat.oly.st/tests/986a38a2-7ec7-4431-b87a-1d0c366595d6,"August 2025 US Form A SAT
English:
Module 1
Module 2
Math:
Module 1
Module 2"
98abbb37-6191-475b-986c-2431f021f4a2,,2023,A,1,english,March 2023 Form A SAT English: Module 1 Module 2 Math: Module 1 Module 2,https://sat.oly.st/tests/98abbb37-6191-475b-986c-2431f021f4a2,"March 2023 Form A SAT
English:
Module 1
Module 2
Math:
Module 1
Module 2"
99671f3e-880b-4ca4-8991-bf3fac7486ec,,2024,C,2,english,March 2024 International Form C SAT English: Module 1 Module 2 Math: Module 1 Module 2,https://sat.oly.st/tests/99671f3e-880b-4ca4-8991-bf3fac7486ec,"March 2024 International Form C SAT
English:
Module 1
Module 2
Math:
Module 1
Module 2"
9ae9a989-b64a-43e1-92a8-37a91043b8ed,,2023,A,2,english,October 2023 Form A SAT English: Module 1 Module 2 Math: Module 1 Module 2,https://sat.oly.st/tests/9ae9a989-b64a-43e1-92a8-37a91043b8ed,"October 2023 Form A SAT
English:
Module 1
Module 2
Math:
Module 1
Module 2"
9b403efb-f874-43ce-aa34-29cae02dce8e,,2024,C,2,english,October 2024 International Form C SAT English: Module 1 Module 2 Math: Module 1 Module 2,https://sat.oly.st/tests/9b403efb-f874-43ce-aa34-29cae02dce8e,"October 2024 International Form C SAT
English:
Module 1
Module 2
Math:
Module 1
Module 2"
9ba9da89-2d54-45dc-aeb5-8364ed7536cb,,2025,B,2,math,December 2025 International Form B SAT English: Module 1 Module 2 Math: Module 1 Module 2,https://sat.oly.st/tests/9ba9da89-2d54-45dc-aeb5-8364ed7536cb,"December 2025 International Form B SAT
English:
Module 1
Module 2
Math:
Module 1
Module 2"
9c1847da-e82b-4814-a0ec-0b4f99891322,,2024,C,1,math,December 2024 US Form C SAT English: Module 1 Module 2 Math: Module 1 Module 2,https://sat.oly.st/tests/9c1847da-e82b-4814-a0ec-0b4f99891322,"December 2024 US Form C SAT
English:
Module 1
Module 2
Math:
Module 1
Module 2"
9c36ebaf-68fc-498e-8bd4-8e53ee9c2bd1,,2025,A,2,math,October 2025 US Form A SAT English: Module 1 Module 2 Math: Module 1 Module 2,https://sat.oly.st/tests/9c36ebaf-68fc-498e-8bd4-8e53ee9c2bd1,"October 2025 US Form A SAT
English:
Module 1
Module 2
Math:
Module 1
Module 2"
9c629a63-5faf-46a6-929d-d4196f7c3150,,2025,A,2,math,March 2025 US Form A SAT English: Module 1 Module 2 Math: Module 1 Module 2,https://sat.oly.st/tests/9c629a63-5faf-46a6-929d-d4196f7c3150,"March 2025 US Form A SAT
English:
Module 1
Module 2
Math:
Module 1
Module 2"
9ce7f863-9f97-46a6-9458-7fb4726c3cb0,,2024,A,2,english,May 2024 International Form A SAT English: Module 1 Module 2 Math: Module 1 Module 2,https://sat.oly.st/tests/9ce7f863-9f97-46a6-9458-7fb4726c3cb0,"May 2024 International Form A SAT
English:
Module 1
Module 2
Math:
Module 1
Module 2"
9d845a11-6019-4b88-9309-26d92ced4f70,,2024,D,2,math,May 2024 International Form D SAT English: Module 1 Module 2 Math: Module 1 Module 2,https://sat.oly.st/tests/9d845a11-6019-4b88-9309-26d92ced4f70,"May 2024 International Form D SAT
English:
Module 1
Module 2
Math:
Module 1
Module 2"
9e596d48-2bc5-4cbe-b5a5-d23a37d7cccd,,2024,A,2,math,June 2024 International Form A SAT English: Module 1 Module 2 Math: Module 1 Module 2,https://sat.oly.st/tests/9e596d48-2bc5-4cbe-b5a5-d23a37d7cccd,"June 2024 International Form A SAT
English:
Module 1
Module 2
Math:
Module 1
Module 2"
9f2c24ef-ab22-44de-8b7d-44f8525fb9b3,,2024,B,2,math,August 2024 US Form B SAT English: Module 1 Module 2 Math: Module 1 Module 2,https://sat.oly.st/tests/9f2c24ef-ab22-44de-8b7d-44f8525fb9b3,"August 2024 US Form B SAT
English:
Module 1
Module 2
Math:
Module 1
Module 2"
9f4fcdb1-7ee4-4f49-80f7-fe6a0c0b6560,,2025,B,1,english,September 2025 US Form B SAT English: Module 1 Module 2 Math: Module 1 Module 2,https://sat.oly.st/tests/9f4fcdb1-7ee4-4f49-80f7-fe6a0c0b6560,"September 2025 US Form B SAT
English:
Module 1
Module 2
Math:
Module 1
Module 2"
9f6c3595-ed0e-41a0-8889-7d3730d37b4c,,2024,B,2,math,December 2024 US Form B SAT English: Module 1 Module 2 Math: Module 1 Module 2,https://sat.oly.st/tests/9f6c3595-ed0e-41a0-8889-7d3730d37b4c,"December 2024 US Form B SAT
English:
Module 1
Module 2
Math:
Module 1
Module 2"
9f9439b4-1f8b-48cd-b607-fd0776fedebb,,2024,C,1,english,November 2024 International Form C SAT English: Module 1 Module 2 Math: Module 1 Module 2,https://sat.oly.st/tests/9f9439b4-1f8b-48cd-b607-fd0776fedebb,"November 2024 International Form C SAT
English:
Module 1
Module 2
Math:
Module 1
Module 2"
a16355d1-6cca-4c4e-8e0a-f405892830f1,,2025,B,1,math,March 2025 International Form B SAT English: Module 1 Module 2 Math: Module 1 Module 2,https://sat.oly.st/tests/a16355d1-6cca-4c4e-8e0a-f405892830f1,"March 2025 International Form B SAT
English:
Module 1
Module 2
Math:
Module 1
Module 2"
a226962a-9c3e-4022-aee4-7a2796cbe032,,2024,A,1,english,May 2024 US Form A SAT English: Module 1 Module 2 Math: Module 1 Module 2,https://sat.oly.st/tests/a226962a-9c3e-4022-aee4-7a2796cbe032,"May 2024 US Form A SAT
English:
Module 1
Module 2
Math:
Module 1
Module 2"
a22baf87-f61e-43f7-b868-52cf0e05d234,,2025,A,2,math,August 2025 International Form A SAT English: Module 1 Module 2 Math: Module 1 Module 2,https://sat.oly.st/tests/a22baf87-f61e-43f7-b868-52cf0e05d234,"August 2025 International Form A SAT
English:
Module 1
Module 2
Math:
Module 1
Module 2"
a240b08f-646d-4227-8b1f-fadf4c312b08,,2025,A,1,math,June 2025 US Form A SAT English: Module 1 Module 2 Math: Module 1 Module 2,https://sat.oly.st/tests/a240b08f-646d-4227-8b1f-fadf4c312b08,"June 2025 US Form A SAT
English:
Module 1
Module 2
Math:
Module 1
Module 2"
a333c1fd-7b95-4086-a9bf-1d7c8b137d23,,2023,A,2,english,March 2023 Form A SAT English: Module 1 Module 2 Math: Module 1 Module 2,https://sat.oly.st/tests/a333c1fd-7b95-4086-a9bf-1d7c8b137d23,"March 2023 Form A SAT
English:
Module 1
Module 2
Math:
Module 1
Module 2"
a45480a1-becb-48bd-a285-d5366355b085,,2025,B,2,english,September 2025 US Form B SAT English: Module 1 Module 2 Math: Module 1 Module 2,https://sat.oly.st/tests/a45480a1-becb-48bd-a285-d5366355b085,"September 2025 US Form B SAT
English:
Module 1
Module 2
Math:
Module 1
Module 2"
a4670c6c-a654-4863-946e-7b7c7171fcdb,,2025,B,1,english,May 2025 International Form B SAT English: Module 1 Module 2 Math: Module 1 Module 2,https://sat.oly.st/tests/a4670c6c-a654-4863-946e-7b7c7171fcdb,"May 2025 International Form B SAT
English:
Module 1
Module 2
Math:
Module 1
Module 2"
a7146625-47ea-49cb-9061-578e226240d5,,2025,A,2,math,June 2025 US Form A SAT English: Module 1 Module 2 Math: Module 1 Module 2,https://sat.oly.st/tests/a7146625-47ea-49cb-9061-578e226240d5,"June 2025 US Form A SAT
English:
Module 1
Module 2
Math:
Module 1
Module 2"
a767d2b7-21c5-44d6-b35c-acfc2fefad3d,,2024,D,1,english,May 2024 International Form D SAT English: Module 1 Module 2 Math: Module 1 Module 2,https://sat.oly.st/tests/a767d2b7-21c5-44d6-b35c-acfc2fefad3d,"May 2024 International Form D SAT
English:
Module 1
Module 2
Math:
Module 1
Module 2"
a76cbd9a-58e7-4805-ae03-d34256dd88c2,,2025,A,2,english,November 2025 US Form A SAT English: Module 1 Module 2 Math: Module 1 Module 2,https://sat.oly.st/tests/a76cbd9a-58e7-4805-ae03-d34256dd88c2,"November 2025 US Form A SAT
English:
Module 1
Module 2
Math:
Module 1
Module 2"
a780b1b0-2db4-471e-a877-a466a1fa418c,,2025,C,2,english,December 2025 International Form C SAT English: Module 1 Module 2 Math: Module 1 Module 2,https://sat.oly.st/tests/a780b1b0-2db4-471e-a877-a466a1fa418c,"December 2025 International Form C SAT
English:
Module 1
Module 2
Math:
Module 1
Module 2"
aa3c1544-45e3-4822-bc54-6768dd6544f9,,2025,A,1,english,December 2025 US Form A SAT English: Module 1 Module 2 Math: Module 1 Module 2,https://sat.oly.st/tests/aa3c1544-45e3-4822-bc54-6768dd6544f9,"December 2025 US Form A SAT
English:
Module 1
Module 2
Math:
Module 1
Module 2"
aaf001ca-69bc-4688-b58e-901756114169,,2025,D,2,math,December 2025 International Form D SAT English: Module 1 Module 2 Math: Module 1 Module 2,https://sat.oly.st/tests/aaf001ca-69bc-4688-b58e-901756114169,"December 2025 International Form D SAT
English:
Module 1
Module 2
Math:
Module 1
Module 2"
ab8d5974-205a-4c42-a0c7-9177d4a35621,,2023,A,2,english,November 2023 Form A SAT English: Module 1 Module 2 Math: Module 1 Module 2,https://sat.oly.st/tests/ab8d5974-205a-4c42-a0c7-9177d4a35621,"November 2023 Form A SAT
English:
Module 1
Module 2
Math:
Module 1
Module 2"
ad300285-6ff9-46a9-97ab-7356c9cd2965,,2024,A,2,math,October 2024 International Form A SAT English: Module 1 Module 2 Math: Module 1 Module 2,https://sat.oly.st/tests/ad300285-6ff9-46a9-97ab-7356c9cd2965,"October 2024 International Form A SAT
English:
Module 1
Module 2
Math:
Module 1
Module 2"
b00d1a2d-fa94-4785-a802-20abbcc6d00a,,2024,C,2,math,December 2024 US Form C SAT English: Module 1 Module 2 Math: Module 1 Module 2,https://sat.oly.st/tests/b00d1a2d-fa94-4785-a802-20abbcc6d00a,"December 2024 US Form C SAT
English:
Module 1
Module 2
Math:
Module 1
Module 2"
b05db4ac-dd48-4b3f-b365-b39330c879e5,,2024,B,2,math,October 2024 US Form B SAT English: Module 1 Module 2 Math: Module 1 Module 2,https://sat.oly.st/tests/b05db4ac-dd48-4b3f-b365-b39330c879e5,"October 2024 US Form B SAT
English:
Module 1
Module 2
Math:
Module 1
Module 2"
b1090998-4e12-45f7-bd60-06406eed8256,,2025,B,2,english,December 2025 US Form B SAT English: Module 1 Module 2 Math: Module 1 Module 2,https://sat.oly.st/tests/b1090998-4e12-45f7-bd60-06406eed8256,"December 2025 US Form B SAT
English:
Module 1
Module 2
Math:
Module 1
Module 2"
b1c9d040-6c5c-4a68-a2b7-472cc0ce4759,,2024,A,2,english,November 2024 US Form A SAT English: Module 1 Module 2 Math: Module 1 Module 2,https://sat.oly.st/tests/b1c9d040-6c5c-4a68-a2b7-472cc0ce4759,"November 2024 US Form A SAT
English:
Module 1
Module 2
Math:
Module 1
Module 2"
b1d58a5c-0e2b-43b8-8e29-ce697e1d8b9f,,2025,A,2,math,November 2025 International Form A SAT English: Module 1 Module 2 Math: Module 1 Module 2,https://sat.oly.st/tests/b1d58a5c-0e2b-43b8-8e29-ce697e1d8b9f,"November 2025 International Form A SAT
English:
Module 1
Module 2
Math:
Module 1
Module 2"
b310cd51-4e49-46d2-99c8-70a10c0d83f9,,2025,B,2,math,March 2025 International Form B SAT English: Module 1 Module 2 Math: Module 1 Module 2,https://sat.oly.st/tests/b310cd51-4e49-46d2-99c8-70a10c0d83f9,"March 2025 International Form B SAT
English:
Module 1
Module 2
Math:
Module 1
Module 2"
b497f82e-d544-41ec-9ef5-cc6283f4b89f,,2024,B,2,english,November 2024 International Form B SAT English: Module 1 Module 2 Math: Module 1 Module 2,https://sat.oly.st/tests/b497f82e-d544-41ec-9ef5-cc6283f4b89f,"November 2024 International Form B SAT
English:
Module 1
Module 2
Math:
Module 1
Module 2"
b5883220-eb88-4f6b-8d82-979efee65d2d,,2024,C,1,math,November 2024 International Form C SAT English: Module 1 Module 2 Math: Module 1 Module 2,https://sat.oly.st/tests/b5883220-eb88-4f6b-8d82-979efee65d2d,"November 2024 International Form C SAT
English:
Module 1
Module 2
Math:
Module 1
Module 2"
b5bd285b-0705-476c-ac24-58aa076fb71a,,2025,B,2,english,March 2025 International Form B SAT English: Module 1 Module 2 Math: Module 1 Module 2,https://sat.oly.st/tests/b5bd285b-0705-476c-ac24-58aa076fb71a,"March 2025 International Form B SAT
English:
Module 1
Module 2
Math:
Module 1
Module 2"
b6c7623b-7d8b-46cb-8108-4c4c677bdc88,,2024,B,2,english,November 2024 US Form B SAT English: Module 1 Module 2 Math: Module 1 Module 2,https://sat.oly.st/tests/b6c7623b-7d8b-46cb-8108-4c4c677bdc88,"November 2024 US Form B SAT
English:
Module 1
Module 2
Math:
Module 1
Module 2"
b78de54c-47f1-4693-80d0-aa6689b6a9f5,,2024,A,2,english,June 2024 International Form A SAT English: Module 1 Module 2 Math: Module 1 Module 2,https://sat.oly.st/tests/b78de54c-47f1-4693-80d0-aa6689b6a9f5,"June 2024 International Form A SAT
English:
Module 1
Module 2
Math:
Module 1
Module 2"
b79b2afa-5519-4128-ab30-39cfd5c26d43,,2024,B,1,math,October 2024 International Form B SAT English: Module 1 Module 2 Math: Module 1 Module 2,https://sat.oly.st/tests/b79b2afa-5519-4128-ab30-39cfd5c26d43,"October 2024 International Form B SAT
English:
Module 1
Module 2
Math:
Module 1
Module 2"
b9182840-d1e0-4eb3-b6f3-b45a868fc1ac,,2025,A,2,math,March 2025 International Form A SAT English: Module 1 Module 2 Math: Module 1 Module 2,https://sat.oly.st/tests/b9182840-d1e0-4eb3-b6f3-b45a868fc1ac,"March 2025 International Form A SAT
English:
Module 1
Module 2
Math:
Module 1
Module 2"
ba06b998-d854-4b29-830c-15d877280c75,,2025,C,2,math,March 2025 International Form C SAT English: Module 1 Module 2 Math: Module 1 Module 2,https://sat.oly.st/tests/ba06b998-d854-4b29-830c-15d877280c75,"March 2025 International Form C SAT
English:
Module 1
Module 2
Math:
Module 1
Module 2"
bc839e02-25bc-4632-be4e-0c0b81f62962,,2024,B,2,english,May 2024 US Form B SAT English: Module 1 Module 2 Math: Module 1 Module 2,https://sat.oly.st/tests/bc839e02-25bc-4632-be4e-0c0b81f62962,"May 2024 US Form B SAT
English:
Module 1
Module 2
Math:
Module 1
Module 2"
bcfca978-b649-44b6-8774-fc731fcc4199,,2023,B,2,english,December 2023 Form B SAT English: Module 1 Module 2 Math: Module 1 Module 2,https://sat.oly.st/tests/bcfca978-b649-44b6-8774-fc731fcc4199,"December 2023 Form B SAT
English:
Module 1
Module 2
Math:
Module 1
Module 2"
bd71c8f3-94e3-411f-929a-013a2ca9a277,,2025,B,2,math,May 2025 International Form B SAT English: Module 1 Module 2 Math: Module 1 Module 2,https://sat.oly.st/tests/bd71c8f3-94e3-411f-929a-013a2ca9a277,"May 2025 International Form B SAT
English:
Module 1
Module 2
Math:
Module 1
Module 2"
c39b24c5-b805-4b9b-a609-e68df8471f04,,2024,B,2,english,December 2024 International Form B SAT English: Module 1 Module 2 Math: Module 1 Module 2,https://sat.oly.st/tests/c39b24c5-b805-4b9b-a609-e68df8471f04,"December 2024 International Form B SAT
English:
Module 1
Module 2
Math:
Module 1
Module 2"
c54d1c21-6311-4c45-9089-a236778df0e9,,2023,C,2,english,November 2023 Form C SAT English: Module 1 Module 2 Math: Module 1 Module 2,https://sat.oly.st/tests/c54d1c21-6311-4c45-9089-a236778df0e9,"November 2023 Form C SAT
English:
Module 1
Module 2
Math:
Module 1
Module 2"
c54d28b8-d1aa-4370-ad6c-356768c9033c,,2023,B,1,english,November 2023 Form B SAT English: Module 1 Module 2 Math: Module 1 Module 2,https://sat.oly.st/tests/c54d28b8-d1aa-4370-ad6c-356768c9033c,"November 2023 Form B SAT
English:
Module 1
Module 2
Math:
Module 1
Module 2"
c9ca8c0e-55fa-43a0-bc28-e9911c6cba36,,2024,A,2,english,March 2024 US Form A SAT English: Module 1 Module 2 Math: Module 1 Module 2,https://sat.oly.st/tests/c9ca8c0e-55fa-43a0-bc28-e9911c6cba36,"March 2024 US Form A SAT
English:
Module 1
Module 2
Math:
Module 1
Module 2"
c9e1513f-58d1-4e6c-8574-b9662226959f,,2024,A,2,math,August 2024 International Form A SAT English: Module 1 Module 2 Math: Module 1 Module 2,https://sat.oly.st/tests/c9e1513f-58d1-4e6c-8574-b9662226959f,"August 2024 International Form A SAT
English:
Module 1
Module 2
Math:
Module 1
Module 2"
caff462a-5a62-4fc6-ba41-dd82318ce399,,2024,A,1,english,November 2024 International Form A SAT English: Module 1 Module 2 Math: Module 1 Module 2,https://sat.oly.st/tests/caff462a-5a62-4fc6-ba41-dd82318ce399,"November 2024 International Form A SAT
English:
Module 1
Module 2
Math:
Module 1
Module 2"
cb122a42-4101-484b-b032-9e55d6519a9c,,2025,B,2,english,May 2025 International Form B SAT English: Module 1 Module 2 Math: Module 1 Module 2,https://sat.oly.st/tests/cb122a42-4101-484b-b032-9e55d6519a9c,"May 2025 International Form B SAT
English:
Module 1
Module 2
Math:
Module 1
Module 2"
cbcab067-83b3-42f4-b90f-cbe6ff582f01,,2025,A,2,english,November 2025 International Form A SAT English: Module 1 Module 2 Math: Module 1 Module 2,https://sat.oly.st/tests/cbcab067-83b3-42f4-b90f-cbe6ff582f01,"November 2025 International Form A SAT
English:
Module 1
Module 2
Math:
Module 1
Module 2"
ccef9088-d5f4-4437-b646-7284f78f03a6,,2024,B,2,english,June 2024 US Form B SAT English: Module 1 Module 2 Math: Module 1 Module 2,https://sat.oly.st/tests/ccef9088-d5f4-4437-b646-7284f78f03a6,"June 2024 US Form B SAT
English:
Module 1
Module 2
Math:
Module 1
Module 2"
cd2abd24-f96a-43e7-860f-be962ea69e08,,2024,B,2,math,May 2024 US Form B SAT English: Module 1 Module 2 Math: Module 1 Module 2,https://sat.oly.st/tests/cd2abd24-f96a-43e7-860f-be962ea69e08,"May 2024 US Form B SAT
English:
Module 1
Module 2
Math:
Module 1
Module 2"
ce4a93ed-9eeb-4f1f-a8b2-d697482ce03a,,2024,C,2,english,May 2024 International Form C SAT English: Module 1 Module 2 Math: Module 1 Module 2,https://sat.oly.st/tests/ce4a93ed-9eeb-4f1f-a8b2-d697482ce03a,"May 2024 International Form C SAT
English:
Module 1
Module 2
Math:
Module 1
Module 2"
cea66aee-3a10-4bb9-b653-46ec49321824,,2025,A,2,english,August 2025 US Form A SAT English: Module 1 Module 2 Math: Module 1 Module 2,https://sat.oly.st/tests/cea66aee-3a10-4bb9-b653-46ec49321824,"August 2025 US Form A SAT
English:
Module 1
Module 2
Math:
Module 1
Module 2"
ceb2e234-3ab3-4376-b66a-cf8535278d77,,2024,C,1,math,October 2024 International Form C SAT English: Module 1 Module 2 Math: Module 1 Module 2,https://sat.oly.st/tests/ceb2e234-3ab3-4376-b66a-cf8535278d77,"October 2024 International Form C SAT
English:
Module 1
Module 2
Math:
Module 1
Module 2"
cf01151f-6ffa-43f7-96af-aa65491fd154,,2025,A,1,english,September 2025 International Form A SAT English: Module 1 Module 2 Math: Module 1 Module 2,https://sat.oly.st/tests/cf01151f-6ffa-43f7-96af-aa65491fd154,"September 2025 International Form A SAT
English:
Module 1
Module 2
Math:
Module 1
Module 2"
d007aa6c-6fd8-4005-bd58-dc779c145226,,2023,B,2,english,November 2023 Form B SAT English: Module 1 Module 2 Math: Module 1 Module 2,https://sat.oly.st/tests/d007aa6c-6fd8-4005-bd58-dc779c145226,"November 2023 Form B SAT
English:
Module 1
Module 2
Math:
Module 1
Module 2"
d0bf40d9-9809-4546-a0a3-4654ea36f6fb,,2024,C,2,math,December 2024 International Form C SAT English: Module 1 Module 2 Math: Module 1 Module 2,https://sat.oly.st/tests/d0bf40d9-9809-4546-a0a3-4654ea36f6fb,"December 2024 International Form C SAT
English:
Module 1
Module 2
Math:
Module 1
Module 2"
d105c056-8805-4747-b1b1-467a112e856b,,2025,A,2,english,December 2025 US Form A SAT English: Module 1 Module 2 Math: Module 1 Module 2,https://sat.oly.st/tests/d105c056-8805-4747-b1b1-467a112e856b,"December 2025 US Form A SAT
English:
Module 1
Module 2
Math:
Module 1
Module 2"
d2870056-c182-4523-a3f3-884eafe68114,,2024,E,2,math,May 2024 International Form E SAT English: Module 1 Module 2 Math: Module 1 Module 2,https://sat.oly.st/tests/d2870056-c182-4523-a3f3-884eafe68114,"May 2024 International Form E SAT
English:
Module 1
Module 2
Math:
Module 1
Module 2"
d327ac24-d8f4-466e-a351-90aa6dbe87e3,,2024,A,2,math,November 2024 International Form A SAT English: Module 1 Module 2 Math: Module 1 Module 2,https://sat.oly.st/tests/d327ac24-d8f4-466e-a351-90aa6dbe87e3,"November 2024 International Form A SAT
English:
Module 1
Module 2
Math:
Module 1
Module 2"
d33931f5-618d-4bf0-a69a-be73447d49f7,,2024,B,1,math,November 2024 US Form B SAT English: Module 1 Module 2 Math: Module 1 Module 2,https://sat.oly.st/tests/d33931f5-618d-4bf0-a69a-be73447d49f7,"November 2024 US Form B SAT
English:
Module 1
Module 2
Math:
Module 1
Module 2"
d3c0680f-0e7b-45fa-a287-0167b3b6346e,,2025,A,2,english,March 2025 International Form A SAT English: Module 1 Module 2 Math: Module 1 Module 2,https://sat.oly.st/tests/d3c0680f-0e7b-45fa-a287-0167b3b6346e,"March 2025 International Form A SAT
English:
Module 1
Module 2
Math:
Module 1
Module 2"
d5718376-6a71-41d6-aa0f-411bb7f3bb75,,2024,C,1,math,May 2024 International Form C SAT English: Module 1 Module 2 Math: Module 1 Module 2,https://sat.oly.st/tests/d5718376-6a71-41d6-aa0f-411bb7f3bb75,"May 2024 International Form C SAT
English:
Module 1
Module 2
Math:
Module 1
Module 2"
d65f35a5-96a2-44d6-bd9b-9f0515dc64a7,,2024,C,2,math,November 2024 International Form C SAT English: Module 1 Module 2 Math: Module 1 Module 2,https://sat.oly.st/tests/d65f35a5-96a2-44d6-bd9b-9f0515dc64a7,"November 2024 International Form C SAT
English:
Module 1
Module 2
Math:
Module 1
Module 2"
d70596a3-d7c7-4cbc-9453-87383eff173a,,2025,A,1,english,June 2025 International Form A SAT English: Module 1 Module 2 Math: Module 1 Module 2,https://sat.oly.st/tests/d70596a3-d7c7-4cbc-9453-87383eff173a,"June 2025 International Form A SAT
English:
Module 1
Module 2
Math:
Module 1
Module 2"
d7afa874-519b-4f1b-b45f-1c75ea45613b,,2024,C,2,math,October 2024 International Form C SAT English: Module 1 Module 2 Math: Module 1 Module 2,https://sat.oly.st/tests/d7afa874-519b-4f1b-b45f-1c75ea45613b,"October 2024 International Form C SAT
English:
Module 1
Module 2
Math:
Module 1
Module 2"
d8e8d6b1-ed34-4cab-8e27-631e82e53bba,,2024,C,2,english,November 2024 International Form C SAT English: Module 1 Module 2 Math: Module 1 Module 2,https://sat.oly.st/tests/d8e8d6b1-ed34-4cab-8e27-631e82e53bba,"November 2024 International Form C SAT
English:
Module 1
Module 2
Math:
Module 1
Module 2"
d9f381e2-df35-4ee7-a137-e689faac81b1,,2023,C,1,english,December 2023 Form C SAT English: Module 1 Module 2 Math: Module 1 Module 2,https://sat.oly.st/tests/d9f381e2-df35-4ee7-a137-e689faac81b1,"December 2023 Form C SAT
English:
Module 1
Module 2
Math:
Module 1
Module 2"
d9f381e2-df35-4ee7-a137-e689faac81b5,,2023,C,2,english,December 2023 Form C SAT English: Module 1 Module 2 Math: Module 1 Module 2,https://sat.oly.st/tests/d9f381e2-df35-4ee7-a137-e689faac81b5,"December 2023 Form C SAT
English:
Module 1
Module 2
Math:
Module 1
Module 2"
dbd99943-454f-4340-b42a-6a27b20e090c,,2025,A,2,english,June 2025 US Form A SAT English: Module 1 Module 2 Math: Module 1 Module 2,https://sat.oly.st/tests/dbd99943-454f-4340-b42a-6a27b20e090c,"June 2025 US Form A SAT
English:
Module 1
Module 2
Math:
Module 1
Module 2"
dc78fb50-de84-439b-980f-0629b266ff8a,,2024,A,2,english,November 2024 International Form A SAT English: Module 1 Module 2 Math: Module 1 Module 2,https://sat.oly.st/tests/dc78fb50-de84-439b-980f-0629b266ff8a,"November 2024 International Form A SAT
English:
Module 1
Module 2
Math:
Module 1
Module 2"
df7af07f-1de4-419a-83e5-dadc9e1caefe,,2025,A,2,english,June 2025 International Form A SAT English: Module 1 Module 2 Math: Module 1 Module 2,https://sat.oly.st/tests/df7af07f-1de4-419a-83e5-dadc9e1caefe,"June 2025 International Form A SAT
English:
Module 1
Module 2
Math:
Module 1
Module 2"
dfb92339-d3f9-4a56-afdf-957831c91ca9,,2024,A,2,english,May 2024 US Form A SAT English: Module 1 Module 2 Math: Module 1 Module 2,https://sat.oly.st/tests/dfb92339-d3f9-4a56-afdf-957831c91ca9,"May 2024 US Form A SAT
English:
Module 1
Module 2
Math:
Module 1
Module 2"
e11af9a4-0499-4c66-b721-ff21024ff5d1,,2025,A,2,english,September 2025 International Form A SAT English: Module 1 Module 2 Math: Module 1 Module 2,https://sat.oly.st/tests/e11af9a4-0499-4c66-b721-ff21024ff5d1,"September 2025 International Form A SAT
English:
Module 1
Module 2
Math:
Module 1
Module 2"
e26dd9f3-3dbe-49b6-afbf-43a483d231ba,,2024,B,2,english,December 2024 US Form B SAT English: Module 1 Module 2 Math: Module 1 Module 2,https://sat.oly.st/tests/e26dd9f3-3dbe-49b6-afbf-43a483d231ba,"December 2024 US Form B SAT
English:
Module 1
Module 2
Math:
Module 1
Module 2"
e3fe84c7-8083-48b8-863b-841355113ba0,,2024,B,2,math,October 2024 International Form B SAT English: Module 1 Module 2 Math: Module 1 Module 2,https://sat.oly.st/tests/e3fe84c7-8083-48b8-863b-841355113ba0,"October 2024 International Form B SAT
English:
Module 1
Module 2
Math:
Module 1
Module 2"
e4f2c33b-9282-40a7-810c-d633e5197f95,,2025,A,2,math,May 2025 International Form A SAT English: Module 1 Module 2 Math: Module 1 Module 2,https://sat.oly.st/tests/e4f2c33b-9282-40a7-810c-d633e5197f95,"May 2025 International Form A SAT
English:
Module 1
Module 2
Math:
Module 1
Module 2"
e5001da0-8895-4b72-8d22-da29586dc907,,2024,B,2,math,November 2024 US Form B SAT English: Module 1 Module 2 Math: Module 1 Module 2,https://sat.oly.st/tests/e5001da0-8895-4b72-8d22-da29586dc907,"November 2024 US Form B SAT
English:
Module 1
Module 2
Math:
Module 1
Module 2"
e580c519-9667-4b3b-8a1e-a7bec6eba694,,2025,C,2,english,March 2025 International Form C SAT English: Module 1 Module 2 Math: Module 1 Module 2,https://sat.oly.st/tests/e580c519-9667-4b3b-8a1e-a7bec6eba694,"March 2025 International Form C SAT
English:
Module 1
Module 2
Math:
Module 1
Module 2"
e5d516e8-dc0a-449f-9696-276e786df83f,,2024,B,2,math,June 2024 US Form B SAT English: Module 1 Module 2 Math: Module 1 Module 2,https://sat.oly.st/tests/e5d516e8-dc0a-449f-9696-276e786df83f,"June 2024 US Form B SAT
English:
Module 1
Module 2
Math:
Module 1
Module 2"
e7b4b1e2-7d10-40a5-b5c1-741fcd71803b,,2025,A,2,english,May 2025 International Form A SAT English: Module 1 Module 2 Math: Module 1 Module 2,https://sat.oly.st/tests/e7b4b1e2-7d10-40a5-b5c1-741fcd71803b,"May 2025 International Form A SAT
English:
Module 1
Module 2
Math:
Module 1
Module 2"
e8c1c8d6-7a36-4b74-a13e-828f6caa1c1c,,2024,C,2,english,December 2024 International Form C SAT English: Module 1 Module 2 Math: Module 1 Module 2,https://sat.oly.st/tests/e8c1c8d6-7a36-4b74-a13e-828f6caa1c1c,"December 2024 International Form C SAT
English:
Module 1
Module 2
Math:
Module 1
Module 2"
e950c225-1224-4691-beae-95b8ff6c7bca,,2024,B,2,english,March 2024 International Form B SAT English: Module 1 Module 2 Math: Module 1 Module 2,https://sat.oly.st/tests/e950c225-1224-4691-beae-95b8ff6c7bca,"March 2024 International Form B SAT
English:
Module 1
Module 2
Math:
Module 1
Module 2"
ea42af8e-0812-4d54-a254-797255665265,,2025,B,2,english,September 2025 International Form B SAT English: Module 1 Module 2 Math: Module 1 Module 2,https://sat.oly.st/tests/ea42af8e-0812-4d54-a254-797255665265,"September 2025 International Form B SAT
English:
Module 1
Module 2
Math:
Module 1
Module 2"
eb783fc1-8559-4650-9621-8d99c6c2ab30,,2024,D,2,english,May 2024 International Form D SAT English: Module 1 Module 2 Math: Module 1 Module 2,https://sat.oly.st/tests/eb783fc1-8559-4650-9621-8d99c6c2ab30,"May 2024 International Form D SAT
English:
Module 1
Module 2
Math:
Module 1
Module 2"
ec2ddee6-a98b-41ee-9169-7cea79c09b5c,,2023,A,2,english,June 2023 Form A SAT English: Module 1 Module 2 Math: Module 1 Module 2,https://sat.oly.st/tests/ec2ddee6-a98b-41ee-9169-7cea79c09b5c,"June 2023 Form A SAT
English:
Module 1
Module 2
Math:
Module 1
Module 2"
ed66cb8c-ccc6-48f0-b65f-d59f856ebf76,,2025,A,2,english,March 2025 US Form A SAT English: Module 1 Module 2 Math: Module 1 Module 2,https://sat.oly.st/tests/ed66cb8c-ccc6-48f0-b65f-d59f856ebf76,"March 2025 US Form A SAT
English:
Module 1
Module 2
Math:
Module 1
Module 2"
ed6c86a5-6f8d-48ff-9bc9-8a709d34d8e3,,2025,E,2,math,March 2025 International Form E SAT English: Module 1 Module 2 Math: Module 1 Module 2,https://sat.oly.st/tests/ed6c86a5-6f8d-48ff-9bc9-8a709d34d8e3,"March 2025 International Form E SAT
English:
Module 1
Module 2
Math:
Module 1
Module 2"
eded6824-a1ba-44a2-b7e3-6e7eb0e9bee7,,2025,A,2,math,December 2025 International Form A SAT English: Module 1 Module 2 Math: Module 1 Module 2,https://sat.oly.st/tests/eded6824-a1ba-44a2-b7e3-6e7eb0e9bee7,"December 2025 International Form A SAT
English:
Module 1
Module 2
Math:
Module 1
Module 2"
f196343a-4470-4649-8efb-edf349dd4393,,2025,B,2,math,June 2025 International Form B SAT English: Module 1 Module 2 Math: Module 1 Module 2,https://sat.oly.st/tests/f196343a-4470-4649-8efb-edf349dd4393,"June 2025 International Form B SAT
English:
Module 1
Module 2
Math:
Module 1
Module 2"
f3ade8fe-06c3-4b9c-a658-8857621e692f,,2024,A,2,math,November 2024 US Form A SAT English: Module 1 Module 2 Math: Module 1 Module 2,https://sat.oly.st/tests/f3ade8fe-06c3-4b9c-a658-8857621e692f,"November 2024 US Form A SAT
English:
Module 1
Module 2
Math:
Module 1
Module 2"
f4053765-e4d6-4da1-9492-e5bae6eeb566,,2025,C,2,math,December 2025 International Form C SAT English: Module 1 Module 2 Math: Module 1 Module 2,https://sat.oly.st/tests/f4053765-e4d6-4da1-9492-e5bae6eeb566,"December 2025 International Form C SAT
English:
Module 1
Module 2
Math:
Module 1
Module 2"
f5cee4a9-66e4-4bd3-a039-2e4ea1aa7776,,2024,A,2,math,December 2024 US Form A SAT English: Module 1 Module 2 Math: Module 1 Module 2,https://sat.oly.st/tests/f5cee4a9-66e4-4bd3-a039-2e4ea1aa7776,"December 2024 US Form A SAT
English:
Module 1
Module 2
Math:
Module 1
Module 2"
f6c07e2a-39d2-49c1-b958-931fe9e17ee2,,2024,C,2,math,May 2024 International Form C SAT English: Module 1 Module 2 Math: Module 1 Module 2,https://sat.oly.st/tests/f6c07e2a-39d2-49c1-b958-931fe9e17ee2,"May 2024 International Form C SAT
English:
Module 1
Module 2
Math:
Module 1
Module 2"
f6d1c961-52d1-4186-baf5-d276dfd4939f,,2023,A,2,english,December 2023 Form A SAT English: Module 1 Module 2 Math: Module 1 Module 2,https://sat.oly.st/tests/f6d1c961-52d1-4186-baf5-d276dfd4939f,"December 2023 Form A SAT
English:
Module 1
Module 2
Math:
Module 1
Module 2"
f814a654-4029-44fa-bca6-57bed320ab01,,2024,A,2,english,June 2024 US Form A SAT English: Module 1 Module 2 Math: Module 1 Module 2,https://sat.oly.st/tests/f814a654-4029-44fa-bca6-57bed320ab01,"June 2024 US Form A SAT
English:
Module 1
Module 2
Math:
Module 1
Module 2"
f97a1263-fa8a-4746-abc1-fb034d9304bb,,2025,B,2,math,November 2025 International Form B SAT English: Module 1 Module 2 Math: Module 1 Module 2,https://sat.oly.st/tests/f97a1263-fa8a-4746-abc1-fb034d9304bb,"November 2025 International Form B SAT
English:
Module 1
Module 2
Math:
Module 1
Module 2"
fa92720e-d9b2-485a-9313-5041b77e5352,,2025,B,2,english,August 2025 US Form B SAT English: Module 1 Module 2 Math: Module 1 Module 2,https://sat.oly.st/tests/fa92720e-d9b2-485a-9313-5041b77e5352,"August 2025 US Form B SAT
English:
Module 1
Module 2
Math:
Module 1
Module 2"
fb11da56-a8c4-4733-a720-f2cea7a98a1a,,2024,D,2,math,November 2024 International Form D SAT English: Module 1 Module 2 Math: Module 1 Module 2,https://sat.oly.st/tests/fb11da56-a8c4-4733-a720-f2cea7a98a1a,"November 2024 International Form D SAT
English:
Module 1
Module 2
Math:
Module 1
Module 2"
fd74de5b-6191-4868-9a2d-dd70269d2477,,2024,A,2,english,March 2024 International Form A SAT English: Module 1 Module 2 Math: Module 1 Module 2,https://sat.oly.st/tests/fd74de5b-6191-4868-9a2d-dd70269d2477,"March 2024 International Form A SAT
English:
Module 1
Module 2
Math:
Module 1
Module 2"
ff866f0f-f295-4895-b84d-a5c603adf51a,,2023,A,2,english,August 2023 Form A SAT English: Module 1 Module 2 Math: Module 1 Module 2,https://sat.oly.st/tests/ff866f0f-f295-4895-b84d-a5c603adf51a,"August 2023 Form A SAT
English:
Module 1
Module 2
Math:
Module 1
Module 2"
ffdaaea2-8ec1-44b7-903d-084c644b881a,,2025,D,2,math,March 2025 International Form D SAT English: Module 1 Module 2 Math: Module 1 Module 2,https://sat.oly.st/tests/ffdaaea2-8ec1-44b7-903d-084c644b881a,"March 2025 International Form D SAT
English:
Module 1
Module 2
Math:
Module 1
Module 2"
